SKU	EAN-13	Descrição	Marca	Unidade de Medida (UM)	Categoria	Subcategoria	Origem do Produto	NCM	CEST	Estoque Mínimo	Estoque Máximo	Ponto de Pedido	Dimensões	Preço de Custo	Preço de Venda	Controle de Lote e Validade
kullka001	1	Rechargeable Electric Toothbrush	Devpulse	L	alcoólicos		0 - Nacional	91414382	5{7	24.64	184	100	65x14x76 cm	26	26	true
kullka001	2	Paint By Numbers Kit	Twitterlist	KG	Bebidas		0 - Nacional	92724097	5{7	98.07		100	93x71x87 cm	29	13	true
kullka001	3	Coffee Subscription Service	Mudo	L	bazar		0 - Nacional	78734973	9{7	26.81	100	100	29x45x30 cm	95	31	false
kullka001	4	Artisan Bread	Quatz	UN	bazar		2 - Estrangeira Adquirida no Mercado Interno	84643956	3{7	31.4	180	100	36x56x15 cm	9	61	true
kullka001	5	Pet Safety Harness	Omba	CX	hortifruti		1 - Estrangeira Importação Direta	93165941	8{7		142		54x06x46 cm	2	79	true
kullka001	6	Sweet Potato Tots	Mynte	CX	açougue		1 - Estrangeira Importação Direta	26725258	4{7			100	15x44x43 cm	36	21	true
kullka001	7	Brazil Nuts	Zoomlounge	L	açougue		2 - Estrangeira Adquirida no Mercado Interno	16013460	4{7		150	100	67x83x96 cm	23	94	false
kullka001	8	Sun Protection Clothing	Tagcat	L	açougue		1 - Estrangeira Importação Direta	7684419	7{7	49.32			04x49x07 cm	64	57	true
kullka001	9	Bike Repair Tool Kit	Voomm	L	Bebidas		1 - Estrangeira Importação Direta	92891743	6{7	35.51		100	66x55x13 cm	75	96	true
kullka001	10	Repair Tool Set for Home Improvement	Midel	CX	Bebidas		2 - Estrangeira Adquirida no Mercado Interno	65463781	2{7			100	87x78x08 cm	39	64	false
kullka001	11	Self-Massaging Pillow	Yamia	L	hortifruti		2 - Estrangeira Adquirida no Mercado Interno	99723412	1{7			100	70x27x80 cm	73	66	false
kullka001	12	Electric Griddle with Removable Plates	Skynoodle	KG	alcoólicos		2 - Estrangeira Adquirida no Mercado Interno	38249654	2{7	27.82	182		65x65x99 cm	92	20	true
kullka001	13	Kale & Quinoa Salad Mix	Tambee	KG	hortifruti		2 - Estrangeira Adquirida no Mercado Interno	68890928	7{7	53.72	144		86x21x99 cm	22	83	true
kullka001	14	Cinnamon Sugar Tortilla Chips	Thoughtstorm	CX	Bebidas		1 - Estrangeira Importação Direta	97869561	1{7	24.66		100	56x39x21 cm	23	21	false
kullka001	15	Cat Scratching Post with Toys	Zazio	M	alcoólicos		2 - Estrangeira Adquirida no Mercado Interno	97852265	1{7				41x84x54 cm	12	41	false
kullka001	16	Pasta (Linguine)	Mydeo	KG	mercearia		1 - Estrangeira Importação Direta	72385309	8{7	17.38		100	00x63x53 cm	53	82	false
kullka001	17	Garlic and Herb Rub	Photospace	UN	açougue		1 - Estrangeira Importação Direta	61713362	5{7	43.09	113		68x96x78 cm	66	82	true
kullka001	18	Cinnamon Sugar Popcorn	Devpulse	CX	alcoólicos		1 - Estrangeira Importação Direta	21934374	9{7		198		61x63x38 cm	30	35	false
kullka001	19	Spaghetti Squash	Oodoo	CX	alcoólicos		1 - Estrangeira Importação Direta	93289497	5{7	97.23		100	22x87x72 cm	64	77	false
kullka001	20	Stainless Steel Straws	Blogtag	L	bazar		0 - Nacional	42255327	6{7	44.19	137		78x51x21 cm	51	4	true
kullka001	21	LED Strip Lights Kit	Brightdog	CX	hortifruti		2 - Estrangeira Adquirida no Mercado Interno	92582440	0{7	94.38	147	100	65x60x50 cm	54	98	true
kullka001	22	Golf Putting Green	Thoughtbeat	CX	hortifruti		1 - Estrangeira Importação Direta	53793062	4{7	18.81		100	97x35x76 cm	87	21	false
kullka001	23	Classic Cheesecake Mix	Demivee	L	alcoólicos		1 - Estrangeira Importação Direta	27811042	5{7	35.97	177	100	33x00x39 cm	85	28	true
kullka001	24	Pet Nail Clipper	Einti	CX	bazar		1 - Estrangeira Importação Direta	67057412	4{7			100	31x48x38 cm	8	22	true
kullka001	25	Blackberry Compote	Fivechat	UN	mercearia		0 - Nacional	59740868	9{7	56.39	136	100	76x73x39 cm	55	79	true
kullka001	26	Ginger Tea	Brightdog	UN	alcoólicos		2 - Estrangeira Adquirida no Mercado Interno	85680728	8{7	79.06	190		10x93x26 cm	75	90	true
kullka001	27	Electric Stool Heater	Fatz	KG	Bebidas		0 - Nacional	33302350	0{7			100	14x41x30 cm	96	27	true
kullka001	28	High-Quality Yoga Mat	Edgeify	UN	hortifruti		2 - Estrangeira Adquirida no Mercado Interno	16422115	9{7		164		63x01x30 cm	71	38	true
kullka001	29	Mixed Nuts	Youopia	CX	hortifruti		0 - Nacional	38260322	0{7			100	39x77x88 cm	48	32	true
kullka001	30	Mini Fondue Set	Zoomdog	UN	Bebidas		0 - Nacional	866559	0{7		184	100	91x94x53 cm	60	1	true
kullka001	31	Vegetable Quinoa Bowl	Abata	UN	hortifruti		2 - Estrangeira Adquirida no Mercado Interno	79412464	7{7	34.24	127	100	19x94x82 cm	45	98	false
kullka001	32	Lemon Herb Chicken	JumpXS	M	mercearia		2 - Estrangeira Adquirida no Mercado Interno	83454567	7{7	79.91	173	100	36x98x21 cm	26	62	false
kullka001	33	Stylish Combat Boots	Jaxbean	UN	mercearia		0 - Nacional	82373598	3{7	81.02	136	100	37x56x79 cm	23	69	true
kullka001	34	Pet Food Storage Container	Eimbee	CX	açougue		0 - Nacional	27642355	9{7	62.25		100	08x25x90 cm	40	94	false
kullka001	35	Pineapple Rings	Eayo	CX	hortifruti		0 - Nacional	45295050	9{7			100	30x50x88 cm	30	55	false
kullka001	36	Himalayan Salt Grinder	Bluejam	M	Bebidas		2 - Estrangeira Adquirida no Mercado Interno	73433156	8{7	77.34	135	100	80x58x57 cm	13	93	false
kullka001	37	Cajun Seasoning	Kanoodle	CX	açougue		1 - Estrangeira Importação Direta	7871222	6{7	21.22	137	100	45x26x18 cm	64	61	false
kullka001	38	Herb Seasoned Croutons	Quatz	M	alcoólicos		2 - Estrangeira Adquirida no Mercado Interno	34487177	6{7			100	31x36x89 cm	95	39	true
kullka001	39	Home Delivery Food Journal	Skibox	M	mercearia		1 - Estrangeira Importação Direta	57443775	3{7		197		24x85x48 cm	87	4	true
kullka001	40	Chili Lime Corn Chips	Oyoba	L	açougue		1 - Estrangeira Importação Direta	34195184	1{7	58.94		100	18x64x41 cm	12	31	false
kullka001	41	Sweet Corn	Jabbersphere	M	alcoólicos		0 - Nacional	23854041	6{7	70.41	178		16x37x24 cm	6	34	true
kullka001	42	Sporty Leggings	Realbridge	KG	alcoólicos		2 - Estrangeira Adquirida no Mercado Interno	85504615	9{7	99.49	174	100	73x89x68 cm	59	99	false
kullka001	43	Reversible Swimming Pool Lounger	Tagpad	L	alcoólicos		1 - Estrangeira Importação Direta	32150285	3{7	47.21			65x91x91 cm	92	59	false
kullka001	44	Hot Dog Buns	Mudo	UN	bazar		2 - Estrangeira Adquirida no Mercado Interno	43351243	1{7	98.12	137	100	91x25x00 cm	1	38	true
kullka001	45	Multi-Layer Food Steamer	Mycat	M	alcoólicos		1 - Estrangeira Importação Direta	5512980	7{7	66.92			06x83x94 cm	95	21	false
kullka001	46	Sweet Potato Chips	Wikivu	L	alcoólicos		0 - Nacional	72990347	1{7		173	100	28x50x39 cm	98	26	false
kullka001	47	Sun-Dried Tomato Pesto	Skynoodle	M	bazar		1 - Estrangeira Importação Direta	22058939	1{7		117	100	68x51x37 cm	80	63	true
kullka001	48	Sesame Garlic Noodles	Plambee	UN	bazar		1 - Estrangeira Importação Direta	91960836	6{7	89.71		100	86x95x73 cm	49	65	true
kullka001	49	Pet Leash	Plajo	M	alcoólicos		0 - Nacional	98448813	9{7	59.32	104	100	49x42x11 cm	100	94	true
kullka001	50	Digital Voice Recorder	Trunyx	M	açougue		1 - Estrangeira Importação Direta	11107891	3{7		124	100	96x10x82 cm	64	60	false
kullka001	51	Multi-Function Smartphone Holder	Gabtype	KG	mercearia		0 - Nacional	28777172	1{7		171		46x46x35 cm	74	22	true
kullka001	52	Collapsible Camping Cup	Jabbertype	CX	hortifruti		2 - Estrangeira Adquirida no Mercado Interno	43865507	1{7	56.04	192	100	34x17x74 cm	80	27	false
kullka001	53	USB Wall Charger	Realmix	UN	açougue		1 - Estrangeira Importação Direta	44227996	5{7	52.47			44x20x87 cm	17	51	true
kullka001	54	Portable Phone Charger	Latz	L	Bebidas		0 - Nacional	59688591	8{7	62.55	141	100	41x59x09 cm	63	73	false
kullka001	55	Leather Crossbody Bag	Bluezoom	UN	Bebidas		2 - Estrangeira Adquirida no Mercado Interno	76734680	2{7	38.86	100	100	72x49x84 cm	48	89	false
kullka001	56	Chino Shorts	Meevee	UN	hortifruti		2 - Estrangeira Adquirida no Mercado Interno	27746406	3{7	36.26			69x02x98 cm	58	87	false
kullka001	57	Electric Rice Cooker	Jaxbean	CX	mercearia		1 - Estrangeira Importação Direta	54427488	1{7				30x38x98 cm	92	39	false
kullka001	58	Ankle Boots	Divanoodle	M	alcoólicos		0 - Nacional	19094325	3{7	36.36	172	100	94x52x98 cm	96	1	false
kullka001	59	Smart Light Switch	Jaloo	CX	alcoólicos		0 - Nacional	72158966	9{7	96.66			75x83x86 cm	46	33	false
kullka001	60	Lasagna Noodles	Wikibox	UN	bazar		0 - Nacional	37590805	7{7		109	100	56x71x88 cm	47	63	false
kullka001	61	Chocolate Raspberry Tart	DabZ	KG	hortifruti		2 - Estrangeira Adquirida no Mercado Interno	32524346	3{7	21.76	110		18x97x22 cm	95	23	false
kullka001	62	Maple Cinnamon Granola Bars	Quatz	CX	hortifruti		0 - Nacional	57550208	0{7	68.77	120	100	56x68x42 cm	71	8	true
kullka001	63	Kale & Quinoa Salad Mix	Quaxo	L	Bebidas		1 - Estrangeira Importação Direta	63602326	4{7	21.09	199	100	73x22x58 cm	77	54	false
kullka001	64	Roasted Red Pepper Sauce	Photojam	UN	Bebidas		0 - Nacional	19087397	2{7	10.22			43x36x71 cm	25	6	false
kullka001	65	Athletic Jogging Jacket	Photospace	L	Bebidas		0 - Nacional	64161589	7{7	87.81			05x62x01 cm	40	16	true
kullka001	66	Homestyle Beef Stew	Zoonder	M	Bebidas		0 - Nacional	744646	2{7	80.05	102	100	95x72x48 cm	36	81	false
kullka001	67	Flavored Popcorn Mix	Skinix	L	bazar		1 - Estrangeira Importação Direta	62304923	6{7	93.11	111	100	97x29x15 cm	64	79	true
kullka001	68	Mint Chocolate Chip Ice Cream	Dabvine	M	hortifruti		0 - Nacional	22130052	6{7	47.99		100	34x74x66 cm	73	76	true
kullka001	69	Brown Sugar	Voonte	M	bazar		0 - Nacional	36606612	2{7	83.39		100	75x79x83 cm	82	30	true
kullka001	70	Stainless Steel Cutlery Set	Zoombox	UN	açougue		1 - Estrangeira Importação Direta	64416600	1{7		147	100	29x86x79 cm	21	12	true
kullka001	71	Running Shorts	Gabtype	KG	alcoólicos		1 - Estrangeira Importação Direta	39752755	5{7	55.24	174	100	58x41x14 cm	58	71	false
kullka001	72	Magnetic Phone Car Mount	Oyoloo	M	alcoólicos		0 - Nacional	18005063	7{7				93x83x21 cm	53	55	true
kullka001	73	Portable Air Conditioner	Zoonoodle	CX	açougue		0 - Nacional	92450982	2{7	34.21			80x50x84 cm	85	10	false
kullka001	74	Apple Cinnamon Granola	Quatz	CX	alcoólicos		1 - Estrangeira Importação Direta	54437468	4{7	95.84	104	100	82x77x41 cm	59	73	true
kullka001	75	Crispy Kale Chips	Yata	L	hortifruti		0 - Nacional	70760418	3{7	77.15		100	54x87x54 cm	17	35	false
kullka001	76	Wireless Mouse	Thoughtblab	UN	alcoólicos		0 - Nacional	96937427	9{7		194	100	32x82x51 cm	59	63	false
kullka001	77	Granola	Pixope	UN	bazar		0 - Nacional	2753286	9{7	18.29		100	84x07x21 cm	50	39	false
kullka001	78	Organic Brown Sugar	Tagfeed	UN	Bebidas		0 - Nacional	34571734	5{7				47x82x25 cm	9	87	false
kullka001	79	Mini Indoor Herb Garden Kit	Yakijo	KG	alcoólicos		0 - Nacional	23729358	7{7		124		99x94x07 cm	23	78	true
kullka001	80	Wireless Security System	Tagtune	UN	açougue		1 - Estrangeira Importação Direta	14263537	4{7	65.2		100	85x70x19 cm	2	77	false
kullka001	81	Ergonomic Gaming Chair	Zoovu	CX	Bebidas		0 - Nacional	20357046	0{7	23.81	100		85x32x95 cm	67	89	true
kullka001	82	Puzzle Mat	Rhyzio	M	bazar		0 - Nacional	25476542	5{7	36.32	180	100	63x38x12 cm	43	44	true
kullka001	83	Adjustable Skipping Rope	Skyvu	L	hortifruti		2 - Estrangeira Adquirida no Mercado Interno	54077392	7{7	16.97	134		31x19x56 cm	23	28	false
kullka001	84	Caramel Apple Chips	Viva	L	bazar		1 - Estrangeira Importação Direta	56433082	6{7			100	38x49x11 cm	27	8	true
kullka001	85	Roasted Red Pepper Hummus	Kimia	M	mercearia		0 - Nacional	43878711	9{7	34.09			05x34x21 cm	86	33	true
kullka001	86	Electric Screwdriver	Oyonder	L	hortifruti		2 - Estrangeira Adquirida no Mercado Interno	21741220	4{7	56.24		100	01x44x79 cm	92	99	true
kullka001	87	Artisan Flatbreads	Bubblemix	UN	mercearia		0 - Nacional	62162856	2{7	43.67			75x36x38 cm	52	62	false
kullka001	88	Hiking Water Bottle with Filter	Browseblab	L	mercearia		0 - Nacional	2135927	3{7	96.6		100	48x69x04 cm	61	88	false
kullka001	89	Gaming Mousepad	Photobean	KG	açougue		2 - Estrangeira Adquirida no Mercado Interno	36244203	8{7	39.22		100	96x44x02 cm	23	77	false
kullka001	90	Smartphone Stand	Skinder	UN	bazar		0 - Nacional	5111958	9{7	32.08			51x90x01 cm	77	3	true
kullka001	91	Hibiscus Herbal Tea	Voomm	UN	açougue		1 - Estrangeira Importação Direta	95792702	0{7		144		65x14x42 cm	17	76	false
kullka001	92	Dual Function Electric Skillet	Jaloo	M	Bebidas		2 - Estrangeira Adquirida no Mercado Interno	34959839	7{7		128	100	37x26x35 cm	7	100	true
kullka001	93	Utility Cargo Pants	Centimia	M	alcoólicos		1 - Estrangeira Importação Direta	13635589	9{7	88.83	158		94x24x63 cm	52	77	false
kullka001	94	Pineapple Chunks (canned)	Edgeblab	L	alcoólicos		2 - Estrangeira Adquirida no Mercado Interno	11903235	0{7		194	100	21x01x57 cm	28	86	false
kullka001	95	Smart Thermostat	Trudeo	M	Bebidas		0 - Nacional	14813966	7{7	25.49	123	100	53x71x22 cm	11	89	false
kullka001	96	Cranberry Lime Sparkling Water	Devshare	L	açougue		2 - Estrangeira Adquirida no Mercado Interno	80790961	5{7	83.68		100	60x19x00 cm	32	92	true
kullka001	97	Wireless Car Charger	Browsetype	UN	alcoólicos		0 - Nacional	99030571	5{7	44.54	176	100	06x25x26 cm	68	71	false
kullka001	98	Adjustable Pet Feeder	Jaxnation	UN	bazar		1 - Estrangeira Importação Direta	3940907	7{7		178	100	43x62x34 cm	77	75	true
kullka001	99	Biodegradable Trash Bags	Geba	M	açougue		2 - Estrangeira Adquirida no Mercado Interno	79252028	2{7			100	93x77x69 cm	17	95	false
kullka001	100	Vintage Button-Down Shirt	Ozu	UN	mercearia		1 - Estrangeira Importação Direta	45516589	1{7				75x69x19 cm	86	39	false
kullka001	101	Watercolor Set	Zava	KG	Bebidas		1 - Estrangeira Importação Direta	73231211	3{7			100	51x93x52 cm	91	51	false
kullka001	102	Adjustable Dumbbells	Oyope	M	bazar		2 - Estrangeira Adquirida no Mercado Interno	66275132	7{7	91.84			23x81x37 cm	3	9	true
kullka001	103	Fitness Resistance Bands Set	Yoveo	KG	mercearia		2 - Estrangeira Adquirida no Mercado Interno	81033357	4{7	60.37	165	100	45x53x26 cm	84	64	true
kullka001	104	Multi-Function Meat Tenderizer	Browsetype	M	bazar		2 - Estrangeira Adquirida no Mercado Interno	7852056	0{7	92.57	109	100	56x37x32 cm	96	81	false
kullka001	105	Chocolate Syrup	Oyoyo	KG	bazar		2 - Estrangeira Adquirida no Mercado Interno	73822835	3{7				40x11x23 cm	44	23	true
kullka001	106	Waterproof Rain Boots	Skivee	UN	açougue		0 - Nacional	32837204	4{7		177		87x64x22 cm	92	78	false
kullka001	107	Animal Paw Print Soap Dispenser	Avavee	CX	alcoólicos		0 - Nacional	23281392	6{7				76x69x87 cm	54	29	true
kullka001	108	Elegant Maxi Skirt	Yata	L	mercearia		0 - Nacional	32529816	5{7			100	60x62x07 cm	31	4	true
kullka001	109	Bluetooth Shower Speaker	Browseblab	CX	bazar		1 - Estrangeira Importação Direta	80194852	7{7	55.8		100	62x98x65 cm	15	37	true
kullka001	110	Pork Tenderloin	InnoZ	CX	açougue		2 - Estrangeira Adquirida no Mercado Interno	2343280	8{7		106		00x65x96 cm	51	32	true
kullka001	111	Natural Peanut Butter	Yadel	KG	bazar		2 - Estrangeira Adquirida no Mercado Interno	30170887	3{7	90.6	128	100	47x62x10 cm	77	59	false
kullka001	112	Elegant Lace Dress	Devify	CX	Bebidas		2 - Estrangeira Adquirida no Mercado Interno	38762589	8{7	77.67		100	54x60x17 cm	64	56	true
kullka001	113	Two-Tone Windbreaker	Meedoo	UN	açougue		1 - Estrangeira Importação Direta	90559439	7{7	56.36	152		52x75x46 cm	54	74	false
kullka001	114	Mixed Berry Smoothie Pack	Mymm	CX	bazar		2 - Estrangeira Adquirida no Mercado Interno	63595347	5{7	14.11	181	100	49x11x87 cm	77	30	true
kullka001	115	Portable Folding Picnic Table	Mymm	CX	alcoólicos		2 - Estrangeira Adquirida no Mercado Interno	57049370	5{7	15.15	158	100	71x24x02 cm	63	19	false
kullka001	116	Weighted Blanket	Livepath	KG	bazar		0 - Nacional	76834909	7{7	28.5	132		18x52x14 cm	34	78	false
kullka001	117	Energy Bites	Roomm	L	alcoólicos		0 - Nacional	78235696	4{7	41.73	116	100	13x03x86 cm	23	63	true
kullka001	118	Kids' Activity Book	Innotype	KG	Bebidas		2 - Estrangeira Adquirida no Mercado Interno	31931590	6{7			100	87x14x26 cm	70	65	true
kullka001	119	Self-Massaging Pillow	Yakidoo	UN	hortifruti		0 - Nacional	95727672	9{7	30.47		100	50x30x76 cm	28	44	false
kullka001	120	Rechargeable Battery Organizer	Katz	L	hortifruti		1 - Estrangeira Importação Direta	74763164	4{7	86.98		100	25x24x32 cm	73	78	true
kullka001	121	Mango Chili Salsa	Vinder	UN	Bebidas		2 - Estrangeira Adquirida no Mercado Interno	89512935	0{7	88.68	147	100	99x72x67 cm	69	69	true
kullka001	122	Carrot Sticks	Meembee	L	Bebidas		1 - Estrangeira Importação Direta	38850669	2{7	58.03		100	09x95x20 cm	72	11	true
kullka001	123	Balsamic Fig Dressing	Skyvu	M	açougue		2 - Estrangeira Adquirida no Mercado Interno	4712244	2{7			100	18x46x01 cm	43	84	true
kullka001	124	Denim Jacket	Tazzy	KG	Bebidas		2 - Estrangeira Adquirida no Mercado Interno	87974261	2{7			100	76x28x41 cm	62	78	true
kullka001	125	Bamboo Toothbrush	Twiyo	M	mercearia		2 - Estrangeira Adquirida no Mercado Interno	2666130	8{7	47.89		100	73x08x35 cm	22	25	false
kullka001	126	Banana Nut Oatmeal Cups	Jaxworks	L	açougue		1 - Estrangeira Importação Direta	6924238	7{7				73x37x48 cm	96	74	true
kullka001	127	Lemon Sorbet	Realpoint	UN	Bebidas		2 - Estrangeira Adquirida no Mercado Interno	16402373	5{7		173		41x56x85 cm	55	40	true
kullka001	128	Kids' Gardening Tools Set	Blogspan	CX	hortifruti		2 - Estrangeira Adquirida no Mercado Interno	90204863	7{7		134	100	54x32x15 cm	19	13	false
kullka001	129	Multi-Purpose Scissors	Vimbo	CX	alcoólicos		1 - Estrangeira Importação Direta	52697892	1{7	84.94	159	100	34x14x76 cm	58	88	true
kullka001	130	Portable Ice Maker	Oyoloo	L	Bebidas		0 - Nacional	93910816	2{7		194	100	08x81x84 cm	9	50	true
kullka001	131	Honey Garlic Sauce	Trupe	L	açougue		1 - Estrangeira Importação Direta	23073095	5{7	27.45		100	07x61x11 cm	19	100	false
kullka001	132	Home Karaoke System	Skilith	M	mercearia		0 - Nacional	32714110	8{7	15.03	120		78x34x54 cm	67	80	true
kullka001	133	Mint Chocolate Chip Ice Cream	Blogpad	KG	mercearia		1 - Estrangeira Importação Direta	32183188	6{7	19.65			97x55x56 cm	73	29	false
kullka001	134	Electric Fondue Pot	Brainsphere	UN	hortifruti		1 - Estrangeira Importação Direta	12268957	2{7	80.98		100	62x32x47 cm	29	60	true
kullka001	135	Free-Range Eggs	Aivee	KG	hortifruti		0 - Nacional	59588792	0{7	65.29	146	100	96x29x51 cm	96	86	false
kullka001	136	Classic Black Trousers	Miboo	UN	bazar		0 - Nacional	49699856	1{7		100		67x85x05 cm	43	92	true
kullka001	137	Garden Tool Set	Realmix	KG	alcoólicos		1 - Estrangeira Importação Direta	57591465	5{7	50.27	150	100	58x89x32 cm	1	93	true
kullka001	138	Almond Butter	Meemm	CX	alcoólicos		1 - Estrangeira Importação Direta	61100718	3{7	98.4	150		54x69x00 cm	65	45	false
kullka001	139	Flavored Instant Oatmeal	Cogibox	UN	Bebidas		2 - Estrangeira Adquirida no Mercado Interno	17835783	7{7	75.87		100	94x08x40 cm	27	43	false
kullka001	140	Insulated Wine Tote	Meevee	UN	alcoólicos		0 - Nacional	87940364	6{7	20.83	181	100	00x71x58 cm	26	23	true
kullka001	141	Bluetooth Sleep Headphones	Flashset	L	alcoólicos		0 - Nacional	52397735	2{7				56x28x21 cm	80	52	true
kullka001	142	Fried Rice	Feedspan	M	hortifruti		0 - Nacional	38826046	4{7	53.99	193	100	87x32x09 cm	4	4	false
kullka001	143	Essential White Button-Up	Skyndu	UN	hortifruti		1 - Estrangeira Importação Direta	61668500	3{7			100	91x95x27 cm	94	42	true
kullka001	144	Vegetable Lasagna	Fiveclub	KG	bazar		0 - Nacional	18674403	2{7	79.18		100	46x96x40 cm	73	20	false
kullka001	145	Smart LED Light Strip	Cogidoo	L	Bebidas		1 - Estrangeira Importação Direta	48595158	3{7			100	86x67x14 cm	30	86	false
kullka001	146	LED Flashlight	Viva	CX	bazar		0 - Nacional	13762018	6{7	62.34	198	100	77x27x44 cm	11	23	true
kullka001	147	Floral Wrap Top	JumpXS	UN	mercearia		1 - Estrangeira Importação Direta	7083471	6{7	62.36	120		31x59x13 cm	42	45	false
kullka001	148	Tandoori Chicken Marinade	Demimbu	M	açougue		1 - Estrangeira Importação Direta	74383170	7{7	17.34	103	100	14x11x11 cm	2	5	false
kullka001	149	Pet Hair Remover	Edgeify	KG	mercearia		1 - Estrangeira Importação Direta	40720979	8{7	84.1	106	100	22x76x00 cm	20	88	false
kullka001	150	Microwave Popcorn Maker	Fliptune	CX	hortifruti		2 - Estrangeira Adquirida no Mercado Interno	40863068	0{7			100	19x46x99 cm	15	87	false
kullka001	151	Phone Screen Protector	Pixoboo	CX	bazar		0 - Nacional	89080994	5{7			100	14x85x25 cm	88	53	true
kullka001	152	Multi-Purpose Plant Care Tool	Flashset	KG	Bebidas		0 - Nacional	97069567	0{7		167	100	16x68x05 cm	50	1	false
kullka001	153	Roasted Garlic Aioli	Tagchat	CX	alcoólicos		1 - Estrangeira Importação Direta	42827752	5{7	44.1	129	100	27x29x85 cm	10	73	true
kullka001	154	Fleece Lined Leggings	Gevee	CX	açougue		0 - Nacional	99538011	0{7	88.69		100	62x83x69 cm	6	11	false
kullka001	155	Spicy Tuna Rolls	Nlounge	UN	Bebidas		0 - Nacional	40277050	1{7				66x33x08 cm	38	42	true
kullka001	156	Herbed Couscous	Dablist	UN	açougue		1 - Estrangeira Importação Direta	25498442	6{7	87.79			03x40x80 cm	76	13	false
kullka001	157	Cat Scratching Post with Toys	Feedfire	L	bazar		2 - Estrangeira Adquirida no Mercado Interno	48654806	2{7	90.03	146		93x35x27 cm	30	76	false
kullka001	158	Chocolate Fudge Ice Cream	Shufflester	KG	hortifruti		2 - Estrangeira Adquirida no Mercado Interno	18330290	2{7	42.02	174		34x42x71 cm	57	18	false
kullka001	159	Adjustable Bar Stools	Einti	L	açougue		0 - Nacional	57475323	7{7			100	82x35x88 cm	13	62	false
kullka001	160	Cucumber Lime Sparkling Water	Vidoo	M	açougue		1 - Estrangeira Importação Direta	50085230	0{7	12.01	138	100	60x92x33 cm	57	94	false
kullka001	161	Lightweight Travel Backpack	Midel	KG	alcoólicos		0 - Nacional	72581470	9{7		167	100	37x77x09 cm	34	36	false
kullka001	162	Adjustable Bar Stools	Omba	KG	hortifruti		1 - Estrangeira Importação Direta	7631317	4{7	28.25	167		91x55x53 cm	9	82	true
kullka001	163	Vegetable Lentil Soup	Skajo	CX	bazar		2 - Estrangeira Adquirida no Mercado Interno	44903998	5{7	69.14	139	100	44x65x85 cm	82	5	true
kullka001	164	Wall Art Stickers	Midel	UN	açougue		2 - Estrangeira Adquirida no Mercado Interno	11399237	2{7		185	100	28x04x04 cm	64	95	true
kullka001	165	Sea Salt Caramel Brownie	Zava	M	mercearia		0 - Nacional	58894355	8{7			100	83x14x42 cm	19	5	true
kullka001	166	Ready-to-Eat Chili	Zooxo	UN	Bebidas		2 - Estrangeira Adquirida no Mercado Interno	34719913	4{7	18.84	195		97x20x54 cm	88	91	false
kullka001	167	Compact Dishwasher	Devbug	M	alcoólicos		2 - Estrangeira Adquirida no Mercado Interno	5809296	4{7				04x31x52 cm	66	13	false
kullka001	168	Cranberry Pecan Granola	Divanoodle	L	açougue		0 - Nacional	30889892	8{7	32.58	116		15x84x47 cm	2	26	false
kullka001	169	Mediterranean Chickpea Salad	Browsecat	M	mercearia		2 - Estrangeira Adquirida no Mercado Interno	35695959	3{7		147		99x26x13 cm	42	63	true
kullka001	170	Outdoor Folding Table	Jatri	M	açougue		0 - Nacional	88887162	4{7		188		49x23x79 cm	18	81	false
kullka001	171	Organic Brown Sugar	Plambee	M	alcoólicos		0 - Nacional	20657824	3{7			100	41x04x63 cm	66	10	true
kullka001	172	Personal Blender with Travel Lid	Riffpath	L	Bebidas		2 - Estrangeira Adquirida no Mercado Interno	80094548	4{7		130		80x97x32 cm	68	22	false
kullka001	173	Indoor Plants	Quaxo	L	açougue		0 - Nacional	54753252	2{7	22.92			13x44x37 cm	75	61	true
kullka001	174	Chocolate Mint Protein Shake	Chatterbridge	UN	açougue		1 - Estrangeira Importação Direta	30585389	4{7	85.39			20x53x07 cm	66	93	false
kullka001	175	Coconut Macaroons	Youtags	UN	hortifruti		1 - Estrangeira Importação Direta	20588089	2{7	37.15	116	100	57x56x86 cm	92	24	true
kullka001	176	Vegetable Stir-Fry Kit	Skyble	CX	hortifruti		1 - Estrangeira Importação Direta	14856032	6{7		198	100	31x47x22 cm	19	26	true
kullka001	177	Portable Hammock Swing	Dynava	L	açougue		2 - Estrangeira Adquirida no Mercado Interno	5232217	5{7	87.41	199	100	15x94x02 cm	84	22	false
kullka001	178	Fall-Themed Table Runner	Flashpoint	L	Bebidas		2 - Estrangeira Adquirida no Mercado Interno	22186216	7{7	24.25	164	100	13x94x28 cm	56	54	true
kullka001	179	Silicone Baking Cups	Edgewire	L	açougue		1 - Estrangeira Importação Direta	99159664	9{7		110		06x97x62 cm	40	12	false
kullka001	180	Lemon Sorbet	Kwideo	UN	Bebidas		1 - Estrangeira Importação Direta	52767760	0{7				10x22x85 cm	54	38	false
kullka001	181	Herbed Chicken Breast	Avaveo	M	açougue		1 - Estrangeira Importação Direta	42921029	8{7	73.53		100	16x55x09 cm	21	42	false
kullka001	182	Shredded Cheese	Ooba	M	alcoólicos		0 - Nacional	17652849	8{7	96.2	149		32x53x28 cm	97	65	true
kullka001	183	Garden Tool Set	Jabbersphere	CX	alcoólicos		2 - Estrangeira Adquirida no Mercado Interno	67960947	7{7		200	100	67x72x88 cm	89	3	true
kullka001	184	Chili Beans in Sauce	Mybuzz	L	mercearia		0 - Nacional	8303065	5{7				83x52x81 cm	99	38	true
kullka001	185	Set of Silicone Baking Molds	Browsedrive	L	açougue		2 - Estrangeira Adquirida no Mercado Interno	60775544	0{7	36.32		100	52x47x10 cm	15	97	false
kullka001	186	Warm Knit Beanie	Yombu	M	hortifruti		0 - Nacional	91923407	0{7	68.81	135		11x72x11 cm	34	34	false
kullka001	187	Tattoo Kit	Kanoodle	M	alcoólicos		0 - Nacional	64240269	0{7				41x39x10 cm	43	72	true
kullka001	188	Sriracha Sauce	Linkbuzz	KG	alcoólicos		2 - Estrangeira Adquirida no Mercado Interno	18994965	1{7			100	31x90x75 cm	34	75	false
kullka001	189	Golf Putting Green	Skipstorm	KG	hortifruti		2 - Estrangeira Adquirida no Mercado Interno	41288284	2{7		162	100	90x27x15 cm	47	50	false
kullka001	190	Heavy Duty Gardening Tool Set	Layo	L	mercearia		2 - Estrangeira Adquirida no Mercado Interno	40590079	3{7				72x74x12 cm	73	22	true
kullka001	191	Spicy Thai Coconut Soup	Eire	KG	Bebidas		0 - Nacional	2532372	3{7		108	100	77x82x19 cm	30	39	true
kullka001	192	Mint Chocolate Chip Ice Cream	Vinte	L	mercearia		0 - Nacional	47960965	7{7		150	100	46x88x73 cm	7	72	true
kullka001	193	Coconut Rice	Dabvine	UN	mercearia		0 - Nacional	27359971	6{7			100	93x89x87 cm	92	75	true
kullka001	194	Smoked Salmon	Midel	UN	hortifruti		0 - Nacional	85255189	6{7		142	100	76x69x73 cm	25	96	false
kullka001	195	Nutty Quinoa Salad	Zoombeat	KG	hortifruti		2 - Estrangeira Adquirida no Mercado Interno	54524211	8{7	85.05	146	100	88x10x02 cm	97	6	true
kullka001	196	USB Desk Fan	Kwimbee	KG	Bebidas		2 - Estrangeira Adquirida no Mercado Interno	86440445	5{7	23.07		100	71x64x70 cm	6	33	false
kullka001	197	Warm Wool Sweater	Bubbletube	M	Bebidas		0 - Nacional	22379775	5{7	34.81	182		44x73x64 cm	70	75	true
kullka001	198	Garden Hoses with Expandable Features	Thoughtstorm	KG	mercearia		0 - Nacional	85422226	7{7	90.62	156	100	90x34x43 cm	48	66	false
kullka001	199	Ice Cream Maker	Zoomdog	UN	Bebidas		1 - Estrangeira Importação Direta	70231368	3{7	69.73	147	100	98x88x36 cm	75	57	true
kullka001	200	Artisan Pickles	Fivebridge	L	bazar		0 - Nacional	99952447	4{7	18.18	121		19x94x74 cm	57	92	true
kullka001	201	Wall-Mounted Spice Rack	Voonix	UN	bazar		1 - Estrangeira Importação Direta	10637357	3{7	57.31	100	100	29x37x37 cm	56	39	false
kullka001	202	Thai Basil Fried Rice	Meevee	M	açougue		1 - Estrangeira Importação Direta	27210339	4{7	58.95		100	41x34x82 cm	21	95	false
kullka001	203	Basic V-Neck T-Shirt	Ooba	KG	Bebidas		2 - Estrangeira Adquirida no Mercado Interno	40666307	8{7		122	100	52x30x52 cm	42	88	true
kullka001	204	Compact Dishwasher	Skyndu	L	bazar		1 - Estrangeira Importação Direta	88348418	8{7	97.03	134	100	81x75x81 cm	41	72	false
kullka001	205	Adjustable Kitchen Broom Stand	Babbleblab	UN	hortifruti		0 - Nacional	20306594	9{7		131		91x81x14 cm	51	13	true
kullka001	206	Peas (frozen)	Jatri	UN	mercearia		1 - Estrangeira Importação Direta	10334172	8{7	83.27		100	22x61x88 cm	78	19	true
kullka001	207	Electric Nail File Kit	Kaymbo	L	bazar		1 - Estrangeira Importação Direta	51871561	1{7	37.99		100	48x32x08 cm	9	2	true
kullka001	208	Decorative Throw Blanket	Twimbo	L	Bebidas		1 - Estrangeira Importação Direta	82200772	3{7	96.52		100	72x07x02 cm	58	87	true
kullka001	209	Set of Silicone Baking Molds	Omba	L	açougue		1 - Estrangeira Importação Direta	28222306	0{7	95.54		100	48x36x76 cm	90	61	true
kullka001	210	Peach Yogurt	Realbridge	L	hortifruti		2 - Estrangeira Adquirida no Mercado Interno	88740987	4{7	84.32			98x24x41 cm	16	59	true
kullka001	211	Oven-Baked Parmesan Zucchini	Voomm	CX	Bebidas		0 - Nacional	7674891	2{7			100	43x25x91 cm	75	10	true
kullka001	212	Banana Chips	Flipopia	CX	bazar		1 - Estrangeira Importação Direta	11099684	7{7		116		06x02x80 cm	16	9	true
kullka001	213	Vegetable Pizza Rolls	Bubbletube	CX	alcoólicos		1 - Estrangeira Importação Direta	91559281	2{7	93.83	165	100	12x82x40 cm	33	58	false
kullka001	214	Pet Waterer with Filtration	Oyope	CX	bazar		2 - Estrangeira Adquirida no Mercado Interno	38049498	5{7	86.76			77x43x82 cm	8	25	true
kullka001	215	Travel Sewing Kit	Gabtype	UN	mercearia		2 - Estrangeira Adquirida no Mercado Interno	29859521	3{7	81.89	128	100	67x57x97 cm	69	76	false
kullka001	216	Reusable Snack Bags	Edgeify	KG	hortifruti		0 - Nacional	79267193	1{7		127	100	03x75x38 cm	33	35	false
kullka001	217	Chickpea Pasta	Skivee	M	mercearia		1 - Estrangeira Importação Direta	38643519	1{7	74.36			97x63x43 cm	37	33	false
kullka001	218	Caramel Sauce	Mynte	CX	alcoólicos		2 - Estrangeira Adquirida no Mercado Interno	34209598	2{7		153		41x06x85 cm	72	57	false
kullka001	219	Spicy Vegetable Sushi Rolls	Zoonder	M	mercearia		0 - Nacional	74756540	1{7	35.48	133	100	89x58x14 cm	6	85	true
kullka001	220	Chicken Sausage	Meedoo	L	alcoólicos		1 - Estrangeira Importação Direta	535268	9{7		187		60x92x94 cm	52	56	false
kullka001	221	Coconut Oil	Divape	M	bazar		1 - Estrangeira Importação Direta	88082402	4{7	90.61	172	100	65x40x51 cm	72	57	true
kullka001	222	Classic Leather Wallet	Ntag	UN	mercearia		1 - Estrangeira Importação Direta	7753677	4{7	97.29	197		46x25x49 cm	13	91	true
kullka001	223	Puff Pastry	Jetpulse	KG	bazar		1 - Estrangeira Importação Direta	71726738	9{7	57.21		100	31x04x42 cm	89	81	true
kullka001	224	Coconut Oil	Twimbo	L	Bebidas		0 - Nacional	58493812	0{7	95.3		100	55x00x22 cm	87	16	false
kullka001	225	LED Strip Lights Kit	Trudoo	UN	bazar		2 - Estrangeira Adquirida no Mercado Interno	44973063	5{7		185	100	57x62x37 cm	100	46	false
kullka001	226	Spicy Thai Coconut Soup	Tagtune	CX	hortifruti		1 - Estrangeira Importação Direta	52457860	9{7	78.34		100	73x34x50 cm	33	73	true
kullka001	227	Classic Pumps	Voomm	L	açougue		2 - Estrangeira Adquirida no Mercado Interno	37816306	4{7	13.85	184		71x30x95 cm	50	8	false
kullka001	228	Potato Wedge Seasoning	Brainbox	KG	Bebidas		2 - Estrangeira Adquirida no Mercado Interno	17342870	9{7			100	91x88x38 cm	31	28	true
kullka001	229	Pet Nail Clipper	Zoonoodle	M	bazar		1 - Estrangeira Importação Direta	98721232	4{7	95.69			21x37x25 cm	56	14	true
kullka001	230	Chocolate Chip Cookie Dough	Quamba	L	hortifruti		2 - Estrangeira Adquirida no Mercado Interno	36480288	3{7	35.05	171	100	31x56x52 cm	30	60	true
kullka001	231	Black Olives	Eimbee	L	mercearia		1 - Estrangeira Importação Direta	8807660	9{7	48.66			70x10x65 cm	94	52	true
kullka001	232	Trendy Bomber Jacket	Omba	UN	açougue		2 - Estrangeira Adquirida no Mercado Interno	52126980	4{7	82.65	134	100	25x87x07 cm	43	19	false
kullka001	233	Shredded Cheese	Nlounge	KG	mercearia		1 - Estrangeira Importação Direta	81428017	4{7				85x94x59 cm	59	70	true
kullka001	234	Cinnamon Sugar Popcorn	Yotz	CX	açougue		0 - Nacional	81428075	6{7	34.95	136	100	54x68x98 cm	16	13	false
kullka001	235	Lemon Pepper Seasoning	Lazzy	CX	alcoólicos		2 - Estrangeira Adquirida no Mercado Interno	95150323	5{7	93.71	191		49x73x22 cm	62	64	true
kullka001	236	Mechanical Keyboard	Skippad	UN	mercearia		2 - Estrangeira Adquirida no Mercado Interno	5659645	4{7	33.0			04x00x28 cm	72	69	true
kullka001	237	Cat Tree with Scratching Posts	Mynte	L	mercearia		1 - Estrangeira Importação Direta	63682412	4{7	46.87	153		84x24x04 cm	9	64	false
kullka001	238	Adjustable Stand for Tablets and Smartphones	Topicshots	M	açougue		0 - Nacional	77707006	1{7		146		67x66x46 cm	1	45	false
kullka001	239	Smartphone Photography Ring Light	Trudeo	CX	bazar		1 - Estrangeira Importação Direta	42446266	4{7		120		84x94x86 cm	20	64	false
kullka001	240	Vintage Graphic Tee	Gabspot	M	hortifruti		0 - Nacional	43230776	2{7	29.11	138	100	87x45x54 cm	9	77	false
kullka001	241	Crispy Kale Chips	Youspan	CX	mercearia		2 - Estrangeira Adquirida no Mercado Interno	27888135	8{7		145	100	43x20x35 cm	80	64	false
kullka001	242	Raspberry Tart	Flashpoint	KG	alcoólicos		1 - Estrangeira Importação Direta	95646006	7{7	57.36	118	100	37x91x28 cm	96	81	false
kullka001	243	Plant Pot Drip Trays	JumpXS	KG	alcoólicos		2 - Estrangeira Adquirida no Mercado Interno	84319404	7{7			100	44x22x39 cm	76	23	true
kullka001	244	Lightweight Backpacking Tent	Youspan	CX	açougue		2 - Estrangeira Adquirida no Mercado Interno	78476252	5{7	29.81	189	100	15x37x82 cm	55	53	true
kullka001	245	Bamboo Memory Foam Pillow	Plambee	UN	bazar		2 - Estrangeira Adquirida no Mercado Interno	3535913	8{7	68.04	158	100	12x77x95 cm	94	66	false
kullka001	246	Electric Hot Water Dispenser	Edgeblab	KG	bazar		2 - Estrangeira Adquirida no Mercado Interno	20113825	2{7	61.91	124	100	09x34x50 cm	100	69	false
kullka001	247	Gardening Kneeler and Seat	Mydo	CX	alcoólicos		1 - Estrangeira Importação Direta	49683001	2{7	24.28	175	100	14x21x09 cm	23	21	false
kullka001	248	Sweet Corn	Browsetype	L	mercearia		2 - Estrangeira Adquirida no Mercado Interno	12039680	0{7		172	100	79x58x03 cm	77	78	false
kullka001	249	Bamboo Utensil Set	Realblab	CX	bazar		1 - Estrangeira Importação Direta	9485312	7{7	63.48			46x06x65 cm	79	94	false
kullka001	250	Drone	Roomm	UN	alcoólicos		1 - Estrangeira Importação Direta	48470799	0{7	28.73			32x07x73 cm	2	50	true
kullka001	251	Coffee Making Kit	Eire	UN	hortifruti		2 - Estrangeira Adquirida no Mercado Interno	70742762	6{7		135	100	68x07x66 cm	85	10	true
kullka001	252	Bird Feeder	Topdrive	UN	Bebidas		0 - Nacional	93674442	8{7	78.99	165		12x08x53 cm	36	99	true
kullka001	253	Maple Glazed Carrots	Feedmix	KG	bazar		0 - Nacional	47015027	4{7		116	100	08x19x81 cm	75	65	true
kullka001	254	Greek Feta Cheese	Roodel	UN	Bebidas		0 - Nacional	60982187	3{7		114	100	05x84x12 cm	34	33	false
kullka001	255	Lemon Garlic Shrimp	Blogtags	CX	açougue		0 - Nacional	29008567	2{7		121		98x82x67 cm	53	25	true
kullka001	256	Baked Falafel	Wordify	KG	hortifruti		0 - Nacional	91042326	4{7	75.7	155	100	11x15x96 cm	88	94	false
kullka001	257	Sweet BBQ Dipping Sauce	Muxo	UN	Bebidas		1 - Estrangeira Importação Direta	33659878	0{7				35x75x77 cm	62	71	true
kullka001	258	Elderberry Syrup	Camido	KG	bazar		1 - Estrangeira Importação Direta	89405899	0{7	28.77		100	54x28x18 cm	26	67	true
kullka001	259	Comfort Flats	Mita	UN	mercearia		0 - Nacional	62402027	8{7	31.56	134		47x48x84 cm	3	12	false
kullka001	260	Fashionable Fanny Pack	BlogXS	CX	hortifruti		0 - Nacional	6802162	3{7	92.41	185		50x65x07 cm	36	97	false
kullka001	261	Buffalo Sauce	Zoombox	L	mercearia		1 - Estrangeira Importação Direta	8851273	3{7		142	100	67x24x66 cm	12	46	false
kullka001	262	Outdoor Mosquito Repellent Lantern	Meevee	L	hortifruti		2 - Estrangeira Adquirida no Mercado Interno	38987827	2{7		153	100	02x44x81 cm	24	85	true
kullka001	263	Golf Polo Shirt	Snaptags	L	alcoólicos		0 - Nacional	85956351	1{7	43.8	122	100	18x78x56 cm	2	4	true
kullka001	264	Travel Makeup Organizer	Rhyzio	KG	hortifruti		2 - Estrangeira Adquirida no Mercado Interno	12303895	8{7	84.3	143	100	82x31x28 cm	36	3	true
kullka001	265	Roasted Vegetable Medley	Voonte	UN	Bebidas		1 - Estrangeira Importação Direta	37321862	4{7	91.05			74x19x99 cm	68	59	true
kullka001	266	Silicone Baking Cups	Zoovu	L	Bebidas		0 - Nacional	46614091	4{7			100	18x02x26 cm	36	81	false
kullka001	267	Hot Dog Buns	Jabbersphere	KG	mercearia		0 - Nacional	42051088	8{7	85.7	147		94x48x41 cm	22	17	true
kullka001	268	Green Tea Matcha Powder	Realmix	UN	hortifruti		2 - Estrangeira Adquirida no Mercado Interno	53055456	5{7		108	100	58x68x25 cm	97	48	true
kullka001	269	Sweet Corn Fritters	Yabox	L	açougue		1 - Estrangeira Importação Direta	92508104	5{7	86.39	172	100	31x55x00 cm	37	72	false
kullka001	270	Bamboo Cotton Tank Top	Divanoodle	UN	alcoólicos		1 - Estrangeira Importação Direta	61123612	4{7		104		25x51x24 cm	28	95	true
kullka001	271	Stainless Steel Grater	Mycat	CX	mercearia		2 - Estrangeira Adquirida no Mercado Interno	35086896	7{7			100	91x84x22 cm	36	55	true
kullka001	272	Water Bottle	Tagopia	KG	Bebidas		0 - Nacional	43961859	9{7	13.65	177		79x52x92 cm	63	77	true
kullka001	273	Decorative Wall Tapestry	Meezzy	M	Bebidas		1 - Estrangeira Importação Direta	73587307	7{7	83.61	138		46x46x93 cm	36	27	true
kullka001	274	Caribbean Jerk Marinade	Omba	M	Bebidas		0 - Nacional	40130618	9{7		116		52x89x48 cm	83	55	true
kullka001	275	Organic Whole Wheat Flour	Livetube	L	Bebidas		1 - Estrangeira Importação Direta	73635449	1{7	92.72	107		35x40x06 cm	85	25	true
kullka001	276	Aeropress Coffee Maker	Devshare	KG	alcoólicos		2 - Estrangeira Adquirida no Mercado Interno	39386413	7{7	88.34	182		99x21x82 cm	41	24	false
kullka001	277	Trackpad for Laptop	Topicshots	UN	bazar		1 - Estrangeira Importação Direta	75702381	8{7	61.7			95x38x83 cm	5	73	false
kullka001	278	Pasta Primavera Kit	Babbleblab	UN	açougue		0 - Nacional	15481398	4{7	46.18			55x66x56 cm	27	68	false
kullka001	279	Banana Nut Oatmeal Cups	Voonix	L	Bebidas		0 - Nacional	47351439	7{7	71.62			05x59x13 cm	38	51	false
kullka001	280	Pasta Maker Machine	Riffpath	KG	bazar		2 - Estrangeira Adquirida no Mercado Interno	3360181	6{7	33.57	137		14x24x27 cm	34	36	false
kullka001	281	Vegan Chickpea Salad	Miboo	KG	mercearia		0 - Nacional	18164214	1{7	62.36	181		19x95x87 cm	43	89	true
kullka001	282	Comfortable Jogger Pants	Kimia	M	bazar		0 - Nacional	36091612	7{7	54.81	158	100	38x03x91 cm	89	69	false
kullka001	283	Pet Water Fountain with Filtration	Brightbean	M	açougue		2 - Estrangeira Adquirida no Mercado Interno	7376361	3{7	97.77			09x93x16 cm	62	53	false
kullka001	284	Foam Roller for Muscle Recovery	Photofeed	CX	açougue		0 - Nacional	53709793	2{7	98.72			43x37x97 cm	44	50	false
kullka001	285	Oven-Baked Cheese Crisps	Linkbridge	L	Bebidas		0 - Nacional	20723338	4{7	59.98		100	10x15x71 cm	51	25	true
kullka001	286	Dual Function Electric Skillet	Omba	M	mercearia		2 - Estrangeira Adquirida no Mercado Interno	61189543	7{7	92.33			57x07x52 cm	89	61	true
kullka001	287	Belted Trench Coat	Quinu	UN	Bebidas		2 - Estrangeira Adquirida no Mercado Interno	9469530	1{7			100	07x40x10 cm	73	63	false
kullka001	288	Digital Thermostat	Dynazzy	KG	Bebidas		2 - Estrangeira Adquirida no Mercado Interno	31831449	1{7	55.63	182		75x03x64 cm	52	39	false
kullka001	289	Cranberry Almond Granola	Thoughtblab	CX	alcoólicos		1 - Estrangeira Importação Direta	95309412	9{7			100	85x09x50 cm	83	61	false
kullka001	290	Lightweight Workout Tank	Twitterbeat	M	alcoólicos		2 - Estrangeira Adquirida no Mercado Interno	92138100	8{7	14.65	156		67x31x95 cm	27	29	false
kullka001	291	Bluetooth Tracker	Muxo	CX	açougue		2 - Estrangeira Adquirida no Mercado Interno	64268951	9{7		179		09x87x41 cm	25	43	true
kullka001	292	Rechargeable Electric Screwdriver	Gabtune	UN	hortifruti		0 - Nacional	5629308	2{7	75.32			88x35x37 cm	66	94	false
kullka001	293	Fruit Medley Juice	Thoughtblab	L	mercearia		1 - Estrangeira Importação Direta	35414347	0{7	82.94	108	100	50x50x87 cm	38	39	false
kullka001	294	Beef Stroganoff Meal Kit	Eayo	KG	hortifruti		2 - Estrangeira Adquirida no Mercado Interno	80512806	5{7		191	100	88x28x68 cm	81	48	false
kullka001	295	Crispy Kale Chips	Yodo	UN	alcoólicos		0 - Nacional	46705513	4{7		176	100	49x35x74 cm	87	99	false
kullka001	296	Fettuccine Alfredo Dinner Kit	Kanoodle	M	mercearia		2 - Estrangeira Adquirida no Mercado Interno	27738531	2{7		171	100	09x73x31 cm	2	66	true
kullka001	297	Cinnamon Ice Cream	Skynoodle	CX	alcoólicos		2 - Estrangeira Adquirida no Mercado Interno	89380649	1{7			100	16x21x24 cm	6	62	true
kullka001	298	Tomato Sauce	Jabbertype	L	hortifruti		2 - Estrangeira Adquirida no Mercado Interno	26140081	0{7		127		67x44x71 cm	47	93	true
kullka001	299	Personalized Pet ID Tags	Vimbo	CX	bazar		2 - Estrangeira Adquirida no Mercado Interno	91278764	5{7	70.12		100	33x95x66 cm	73	16	false
kullka001	300	Garden Vegetable Soup	Oyoloo	L	açougue		2 - Estrangeira Adquirida no Mercado Interno	77397087	6{7			100	59x23x44 cm	58	67	false
kullka001	301	Honey Roasted Chickpeas	LiveZ	CX	hortifruti		1 - Estrangeira Importação Direta	15559885	9{7	36.95	121		82x02x46 cm	60	5	false
kullka001	302	Foot Massager Machine	Voomm	M	Bebidas		0 - Nacional	7212767	0{7			100	15x84x45 cm	99	89	true
kullka001	303	Turkey Bacon	Wordware	UN	bazar		2 - Estrangeira Adquirida no Mercado Interno	70079421	1{7	70.2	198		27x96x26 cm	21	19	true
kullka001	304	Whole Roasted Chicken	Tekfly	KG	hortifruti		1 - Estrangeira Importação Direta	96690282	0{7	80.34	134	100	03x05x10 cm	35	61	false
kullka001	305	Almond Crunch Granola Bars	Kaymbo	KG	alcoólicos		2 - Estrangeira Adquirida no Mercado Interno	68918414	5{7		129		68x90x28 cm	98	26	true
kullka001	306	Spaghetti and Meatball Dinner Kit	Rhyzio	UN	alcoólicos		0 - Nacional	71685640	9{7	89.12	168		65x32x81 cm	80	5	false
kullka001	307	Blender Bottle	Rhyzio	L	Bebidas		1 - Estrangeira Importação Direta	36839790	2{7	93.27	114	100	90x85x50 cm	70	33	false
kullka001	308	Cold Brew Coffee Concentrate	Jaxnation	UN	mercearia		1 - Estrangeira Importação Direta	31043395	7{7	88.57			23x27x58 cm	81	65	false
kullka001	309	Stylish Wireless Earbuds	Aimbu	M	bazar		0 - Nacional	84125367	2{7	98.69	192		95x88x95 cm	71	100	false
kullka001	310	Graphic Tee	Realbuzz	KG	Bebidas		0 - Nacional	15315475	3{7		171	100	14x41x53 cm	29	38	false
kullka001	311	Dried Mango Slices	Mynte	CX	hortifruti		1 - Estrangeira Importação Direta	25646966	0{7		134		67x40x73 cm	84	60	false
kullka001	312	Stuffed Peppers with Quinoa	Voonte	UN	açougue		2 - Estrangeira Adquirida no Mercado Interno	53338260	6{7		174	100	93x21x16 cm	79	11	false
kullka001	313	Marinara Sauce	Dablist	M	Bebidas		2 - Estrangeira Adquirida no Mercado Interno	88641504	6{7		106		79x90x51 cm	53	31	false
kullka001	314	Ultraviolet Phone Sanitizer	Rhybox	M	hortifruti		0 - Nacional	45719747	5{7		139		28x79x54 cm	88	59	true
kullka001	315	Vegan Chocolate Cake Mix	JumpXS	CX	bazar		1 - Estrangeira Importação Direta	86897429	7{7	71.44	110	100	05x55x65 cm	17	19	false
kullka001	316	Mango Chili Salsa	Oyoyo	M	hortifruti		1 - Estrangeira Importação Direta	49531420	6{7	26.75	184		09x52x37 cm	93	78	true
kullka001	317	Self-Massaging Pillow	Feednation	M	mercearia		1 - Estrangeira Importação Direta	13215733	4{7	15.48	132	100	84x30x14 cm	81	98	false
kullka001	318	Whole Grain Mustard	Thoughtsphere	L	Bebidas		0 - Nacional	14064962	9{7	68.26	110		90x49x79 cm	40	23	true
kullka001	319	Creamy Garlic Dressing	Agivu	CX	mercearia		0 - Nacional	72227920	4{7	74.41		100	75x70x08 cm	34	87	true
kullka001	320	Instant Read Meat Thermometer	Agimba	KG	hortifruti		0 - Nacional	73572747	1{7	42.66		100	85x19x07 cm	81	47	false
kullka001	321	Photo Album	Yambee	CX	Bebidas		1 - Estrangeira Importação Direta	5694855	0{7	87.84	148	100	92x52x04 cm	21	26	false
kullka001	322	Foot Spa Bath Massager	Rhybox	CX	bazar		2 - Estrangeira Adquirida no Mercado Interno	29076451	3{7	67.84		100	68x77x94 cm	74	46	true
kullka001	323	Nutty Granola Clusters	Youbridge	M	bazar		0 - Nacional	60411299	7{7	47.0	200		66x98x04 cm	12	86	false
kullka001	324	Cheesy Broccoli Soup Mix	Rhycero	KG	hortifruti		2 - Estrangeira Adquirida no Mercado Interno	26892826	1{7				71x72x07 cm	56	15	true
kullka001	325	Electric Toothbrush Holder	Eamia	UN	bazar		2 - Estrangeira Adquirida no Mercado Interno	53002038	4{7	78.44	111	100	47x36x13 cm	84	34	true
kullka001	326	Mango Chunks	Jazzy	KG	hortifruti		0 - Nacional	4013483	3{7	34.31	189		99x33x36 cm	78	72	true
kullka001	327	Mechanical Keyboard	Plambee	L	bazar		1 - Estrangeira Importação Direta	77621446	4{7	96.9		100	62x81x14 cm	44	90	false
kullka001	328	Silicone Baking Mats	Divavu	L	açougue		0 - Nacional	60473799	3{7	42.95			73x18x48 cm	27	90	false
kullka001	329	Snack Container Set	Quinu	M	mercearia		2 - Estrangeira Adquirida no Mercado Interno	67151215	8{7	35.03	120	100	76x60x36 cm	93	22	true
kullka001	330	Scented Candle Set	Quatz	CX	alcoólicos		0 - Nacional	19958695	5{7	61.19	124	100	95x24x26 cm	72	45	true
kullka001	331	Kids' Building Blocks	Quimm	UN	alcoólicos		2 - Estrangeira Adquirida no Mercado Interno	49792170	6{7			100	19x80x41 cm	71	47	false
kullka001	332	Terry Cloth Robe	Kimia	UN	Bebidas		1 - Estrangeira Importação Direta	32544799	5{7	67.7			78x48x34 cm	13	5	true
kullka001	333	Cinnamon Sugar Mix	Yakitri	CX	Bebidas		0 - Nacional	39701960	1{7		188	100	84x26x25 cm	86	41	true
kullka001	334	Smart Scale	Chatterpoint	KG	bazar		1 - Estrangeira Importação Direta	76261176	0{7		120	100	39x25x35 cm	5	98	false
kullka001	335	Honey Roasted Almonds	Rhycero	L	açougue		1 - Estrangeira Importação Direta	2536740	8{7	29.57		100	87x14x49 cm	55	23	false
kullka001	336	Watercolor Set	Babbleset	CX	Bebidas		0 - Nacional	85564436	0{7	27.91	163		02x36x46 cm	74	53	false
kullka001	337	Vegetarian Sausage Links	Jamia	M	açougue		1 - Estrangeira Importação Direta	12320382	9{7		143		31x35x89 cm	75	91	true
kullka001	338	Compressed Towel Tablets	Ntag	KG	açougue		2 - Estrangeira Adquirida no Mercado Interno	64507466	2{7	59.92			84x29x61 cm	4	37	true
kullka001	339	Jump Rope with Counter	Buzzbean	UN	açougue		1 - Estrangeira Importação Direta	22198754	5{7		111	100	19x75x38 cm	1	29	false
kullka001	340	Stainless Steel Straws	Jatri	CX	alcoólicos		1 - Estrangeira Importação Direta	70298042	4{7		127	100	05x65x06 cm	50	53	true
kullka001	341	Multi-Purpose Marine Rope	Zoombeat	KG	Bebidas		0 - Nacional	91869092	0{7	18.22			77x26x89 cm	14	97	false
kullka001	342	Magnetic Screen Door	Browsebug	CX	hortifruti		2 - Estrangeira Adquirida no Mercado Interno	89966725	3{7		146		08x47x48 cm	90	33	false
kullka001	343	Electric Stir Fry Pan	Edgeblab	UN	mercearia		1 - Estrangeira Importação Direta	62505305	5{7		113	100	60x81x65 cm	44	94	true
kullka001	344	Leek and Potato Soup	Skivee	UN	açougue		1 - Estrangeira Importação Direta	48183232	3{7		186		01x21x86 cm	83	41	true
kullka001	345	Compact Umbrella	Cogidoo	M	alcoólicos		2 - Estrangeira Adquirida no Mercado Interno	63083303	6{7	51.86	155	100	47x67x31 cm	70	63	true
kullka001	346	Savory Trail Mix	Fliptune	M	Bebidas		2 - Estrangeira Adquirida no Mercado Interno	61868314	1{7		199	100	82x21x17 cm	24	89	true
kullka001	347	Vegetable Quinoa Bowl	Browsezoom	CX	bazar		2 - Estrangeira Adquirida no Mercado Interno	37236126	2{7	92.93		100	90x43x85 cm	36	67	false
kullka001	348	Vegan Caesar Dressing	Leenti	CX	bazar		2 - Estrangeira Adquirida no Mercado Interno	15934529	5{7	97.2	101		43x74x00 cm	29	53	true
kullka001	349	Chopping Board	Oyoloo	KG	mercearia		0 - Nacional	63221531	5{7	72.4	161	100	11x57x90 cm	12	10	true
kullka001	350	Bicycle Lock	Kanoodle	M	açougue		0 - Nacional	16513886	5{7	36.59	108	100	38x47x09 cm	69	56	false
kullka001	351	Insulated Lunch Box	Jabberstorm	CX	bazar		0 - Nacional	67880965	2{7	35.24	194	100	91x38x84 cm	55	22	true
kullka001	352	Herbal Garden Starter Kit	Oyoba	UN	alcoólicos		2 - Estrangeira Adquirida no Mercado Interno	75903016	3{7			100	78x57x01 cm	24	44	false
kullka001	353	Bamboo Toothbrush	Eayo	L	mercearia		1 - Estrangeira Importação Direta	47145204	3{7	74.97	151	100	85x36x87 cm	39	64	true
kullka001	354	Cheddar Cheese Slices	Flashspan	CX	açougue		2 - Estrangeira Adquirida no Mercado Interno	86458018	4{7				66x75x55 cm	31	18	false
kullka001	355	Portable Pet Bathing Tool	Teklist	KG	hortifruti		2 - Estrangeira Adquirida no Mercado Interno	61751726	9{7	29.28	124	100	35x88x79 cm	60	26	true
kullka001	356	Honey Roasted Peanuts	Devcast	M	alcoólicos		1 - Estrangeira Importação Direta	82729095	8{7	13.64	112		00x95x47 cm	60	20	false
kullka001	357	Set of Gardening Gloves with Claws	Viva	KG	alcoólicos		0 - Nacional	62541640	6{7	74.53	140	100	52x11x33 cm	69	48	true
kullka001	358	Strawberry Banana Smoothie Pack	Fivespan	KG	Bebidas		2 - Estrangeira Adquirida no Mercado Interno	3361381	4{7		123		18x98x77 cm	62	47	true
kullka001	359	Mini Electric Kettle	Yakidoo	M	hortifruti		1 - Estrangeira Importação Direta	43985710	5{7	90.65	180	100	97x15x03 cm	67	8	false
kullka001	360	Adjustable Bar Stools	Yakidoo	UN	mercearia		0 - Nacional	82470371	7{7		165	100	92x80x65 cm	53	19	false
kullka001	361	Essential White Button-Up	Realbridge	UN	açougue		1 - Estrangeira Importação Direta	96485283	7{7	57.45	111	100	36x82x43 cm	77	88	true
kullka001	362	Emergency Preparedness Kit	Feedmix	M	mercearia		0 - Nacional	50647899	2{7	98.95	188	100	36x02x61 cm	51	69	true
kullka001	363	Waterproof Rain Boots	Photolist	UN	hortifruti		1 - Estrangeira Importação Direta	9417966	0{7			100	41x66x22 cm	39	86	true
kullka001	364	Organic Lentil Soup	Oloo	CX	hortifruti		2 - Estrangeira Adquirida no Mercado Interno	45129934	3{7		159	100	25x05x78 cm	50	70	false
kullka001	365	Mushroom Soup (canned)	Babbleset	CX	Bebidas		2 - Estrangeira Adquirida no Mercado Interno	20389907	7{7				67x36x30 cm	17	8	false
kullka001	366	Ethical Wool Scarf	BlogXS	M	alcoólicos		2 - Estrangeira Adquirida no Mercado Interno	18713692	9{7	94.48		100	47x54x29 cm	1	26	true
kullka001	367	Honey Graham Crackers	Bubblebox	M	bazar		2 - Estrangeira Adquirida no Mercado Interno	46609601	2{7	63.93	120	100	34x29x90 cm	79	30	false
kullka001	368	Stainless Steel BBQ Grill Set	Photospace	M	Bebidas		1 - Estrangeira Importação Direta	23391923	7{7	85.17			05x46x93 cm	48	73	true
kullka001	369	Whole Wheat Pasta	Topicblab	CX	hortifruti		2 - Estrangeira Adquirida no Mercado Interno	22852132	7{7	20.84			15x86x46 cm	11	79	true
kullka001	370	Honey Almond Granola Bars	Skivee	M	açougue		0 - Nacional	20793347	6{7	39.27		100	38x61x99 cm	46	67	false
kullka001	371	Poppy Seed Dressing	Yacero	M	alcoólicos		2 - Estrangeira Adquirida no Mercado Interno	38793552	4{7			100	58x31x28 cm	43	57	false
kullka001	372	Wall Calendar	Kwilith	KG	Bebidas		0 - Nacional	12346540	7{7				64x37x26 cm	90	25	false
kullka001	373	Memory Card	Kamba	L	bazar		1 - Estrangeira Importação Direta	53050704	0{7		151		08x34x37 cm	22	30	true
kullka001	374	Non-Stick Crepe Pan	Fliptune	M	Bebidas		0 - Nacional	13234917	2{7		157		56x23x70 cm	12	48	true
kullka001	375	Cheddar Cheese Slices	Quatz	L	açougue		1 - Estrangeira Importação Direta	92148102	3{7	45.19	177		12x75x54 cm	74	51	true
kullka001	376	Car Phone Mount	Fanoodle	KG	alcoólicos		1 - Estrangeira Importação Direta	66712473	5{7			100	67x99x23 cm	44	53	false
kullka001	377	Beef Stroganoff Mix	Eabox	M	hortifruti		0 - Nacional	69677903	2{7	50.67	195		39x17x72 cm	80	12	false
kullka001	378	Herbed Chicken Breast	Zoonder	L	hortifruti		1 - Estrangeira Importação Direta	9280138	1{7	98.76	180	100	02x73x99 cm	100	9	false
kullka001	379	Frozen Fruit Medley	Zoomdog	UN	mercearia		1 - Estrangeira Importação Direta	66820642	6{7	28.69	106		66x50x77 cm	7	100	true
kullka001	380	Compact Refrigerator	Quimba	L	açougue		1 - Estrangeira Importação Direta	25266408	2{7		130		78x73x82 cm	24	16	false
kullka001	381	Dishwasher Safe Cutting Board	Zoomdog	UN	alcoólicos		1 - Estrangeira Importação Direta	49151898	3{7		105	100	91x73x94 cm	10	92	false
kullka001	382	Spicy Tuna Salad	Dablist	M	alcoólicos		1 - Estrangeira Importação Direta	40174758	9{7	26.03		100	36x38x70 cm	75	91	false
kullka001	383	Vegan Alfredo Sauce	Skaboo	M	alcoólicos		0 - Nacional	62867043	0{7	83.24	148	100	52x46x54 cm	24	28	false
kullka001	384	Brown Rice	Feedbug	KG	Bebidas		1 - Estrangeira Importação Direta	44185932	5{7		192	100	17x06x47 cm	100	66	true
kullka001	385	Fruit and Nut Energy Bites	Tekfly	M	bazar		1 - Estrangeira Importação Direta	3248639	4{7	38.96	140		01x68x25 cm	67	17	false
kullka001	386	Backpack	Ooba	CX	bazar		0 - Nacional	12662051	8{7		184	100	28x57x28 cm	13	31	true
kullka001	387	Chipotle Sauce	Avamba	KG	mercearia		1 - Estrangeira Importação Direta	67248469	0{7	65.34	181		11x42x36 cm	97	26	true
kullka001	388	Baking Powder	Trudeo	CX	Bebidas		2 - Estrangeira Adquirida no Mercado Interno	76968874	8{7	67.74	123		17x29x06 cm	37	14	false
kullka001	389	Electric Milk Frother	Quatz	UN	mercearia		2 - Estrangeira Adquirida no Mercado Interno	85887948	2{7	33.02	109	100	82x43x01 cm	32	94	false
kullka001	390	Coconut Curry Chicken	Skaboo	M	Bebidas		1 - Estrangeira Importação Direta	97590828	0{7	58.32		100	10x03x68 cm	23	64	true
kullka001	391	Memory Foam Mattress Pad	Wikizz	UN	mercearia		2 - Estrangeira Adquirida no Mercado Interno	31262314	0{7			100	42x74x88 cm	29	55	false
kullka001	392	Cat Tree with Scratching Posts	Centidel	L	mercearia		2 - Estrangeira Adquirida no Mercado Interno	78595106	4{7		111	100	50x30x06 cm	20	7	true
kullka001	393	Beef Sirloin Steak	Fivebridge	M	alcoólicos		1 - Estrangeira Importação Direta	61561284	0{7	87.88			12x85x29 cm	74	28	true
kullka001	394	Sunglasses	Youopia	M	hortifruti		2 - Estrangeira Adquirida no Mercado Interno	40444136	8{7				51x41x86 cm	44	20	false
kullka001	395	Foam Roller for Muscle Recovery	Feedmix	M	mercearia		0 - Nacional	15969662	8{7	86.72		100	88x62x21 cm	36	44	true
kullka001	396	Maxi Wrap Dress	Shufflebeat	M	mercearia		0 - Nacional	73929772	1{7			100	61x75x13 cm	94	7	true
kullka001	397	High-Waisted Skirt	Jayo	UN	alcoólicos		1 - Estrangeira Importação Direta	348862	8{7		194	100	58x37x25 cm	49	26	true
kullka001	398	High-Waisted Skirt	Avavee	L	Bebidas		1 - Estrangeira Importação Direta	16036249	6{7				55x41x69 cm	85	22	false
kullka001	399	Spice Rack	Eayo	UN	alcoólicos		0 - Nacional	79279702	4{7	65.84	176	100	70x81x07 cm	32	77	true
kullka001	400	Dried Mango Slices	Pixoboo	CX	bazar		0 - Nacional	79186371	7{7		124	100	71x26x95 cm	3	8	true
kullka001	401	Mediterranean Flatbread	Dynava	CX	Bebidas		2 - Estrangeira Adquirida no Mercado Interno	63776861	8{7		131	100	24x72x06 cm	82	49	true
kullka001	402	Handheld Vacuum	Kaymbo	CX	alcoólicos		0 - Nacional	74325532	6{7		166		43x34x31 cm	43	1	true
kullka001	403	Cat Tree with Scratching Posts	Jabbersphere	CX	açougue		1 - Estrangeira Importação Direta	78625312	8{7	52.39	127		60x18x31 cm	83	14	true
kullka001	404	Organic Whole Wheat Flour	Edgetag	UN	alcoólicos		2 - Estrangeira Adquirida no Mercado Interno	12942100	6{7	52.52			72x22x52 cm	14	53	false
kullka001	405	Garlic Herb Cream Cheese	Flashdog	L	hortifruti		0 - Nacional	71198290	3{7	30.3	127	100	41x54x22 cm	77	82	true
kullka001	406	Terry Cloth Robe	Eayo	CX	Bebidas		2 - Estrangeira Adquirida no Mercado Interno	95355196	0{7	24.31		100	70x31x55 cm	56	100	true
kullka001	407	Children's Garden Tool Set	Jabberstorm	L	mercearia		0 - Nacional	77594896	9{7	84.22	148		50x78x61 cm	20	13	false
kullka001	408	Chia Seed Pudding	Realbuzz	KG	bazar		2 - Estrangeira Adquirida no Mercado Interno	20618911	3{7		115		07x30x37 cm	34	51	false
kullka001	409	Portable Pet Pooper Scooper	Plambee	KG	hortifruti		2 - Estrangeira Adquirida no Mercado Interno	94541381	3{7		152	100	83x77x59 cm	34	67	false
kullka001	410	Leather Crossbody Bag	Viva	UN	hortifruti		2 - Estrangeira Adquirida no Mercado Interno	52415132	5{7		111		69x69x91 cm	17	92	false
kullka001	411	Truffle Parmesan Fries	Skinix	L	hortifruti		1 - Estrangeira Importação Direta	40034645	8{7	33.56		100	80x52x71 cm	78	18	true
kullka001	412	Rechargeable Electric Screwdriver	Skippad	UN	bazar		2 - Estrangeira Adquirida no Mercado Interno	68535912	6{7	41.44	169	100	84x95x37 cm	35	27	false
kullka001	413	Silicone Ice Cube Tray	Oyondu	UN	hortifruti		2 - Estrangeira Adquirida no Mercado Interno	60862654	8{7	24.21		100	53x79x04 cm	17	83	true
kullka001	414	Chocolate Syrup	Kamba	M	mercearia		1 - Estrangeira Importação Direta	39018831	3{7	54.47			22x33x81 cm	15	97	true
kullka001	415	Personalized Keychain	Jaxbean	CX	açougue		1 - Estrangeira Importação Direta	46798933	0{7		163	100	27x02x86 cm	4	98	true
kullka001	416	Peanut Butter Pretzel Nuggets	Jayo	UN	mercearia		1 - Estrangeira Importação Direta	60770090	0{7				36x16x67 cm	20	21	true
kullka001	417	Lemon Dill Salmon	Wikido	M	açougue		0 - Nacional	62804699	6{7	96.27	186		64x77x03 cm	11	33	true
kullka001	418	Wild Rice Pilaf	Zooxo	UN	açougue		0 - Nacional	7093026	0{7	16.01			83x86x79 cm	51	69	false
kullka001	419	Smoked Paprika Chicken Thighs	Npath	UN	mercearia		1 - Estrangeira Importação Direta	68560530	3{7	47.53		100	37x93x15 cm	85	13	true
kullka001	420	Camera Lens Cleaning Kit	Jabbersphere	CX	bazar		2 - Estrangeira Adquirida no Mercado Interno	52260474	7{7	26.45	105		30x62x87 cm	80	81	true
kullka001	421	Compact Folding Table	Trupe	L	mercearia		0 - Nacional	6152812	5{7	69.91			39x58x10 cm	78	62	false
kullka001	422	Insulated Cooler	Fadeo	M	alcoólicos		1 - Estrangeira Importação Direta	44105233	3{7	69.8	150	100	05x78x80 cm	94	58	false
kullka001	423	Honey Garlic Chicken	Rhynyx	L	bazar		0 - Nacional	22782014	4{7	27.65	139		67x66x75 cm	64	100	true
kullka001	424	Classic Vanilla Fudge	Innojam	UN	bazar		1 - Estrangeira Importação Direta	79508112	5{7			100	52x70x85 cm	71	47	false
kullka001	425	Aeropress Coffee Maker	Fanoodle	L	alcoólicos		2 - Estrangeira Adquirida no Mercado Interno	9727710	8{7	58.97			46x31x58 cm	100	5	false
kullka001	426	Sourdough Bread	Jaxnation	KG	alcoólicos		1 - Estrangeira Importação Direta	16420432	3{7	96.21	192		36x87x38 cm	40	96	true
kullka001	427	Bamboo Toothbrush Holder	Thoughtworks	M	mercearia		1 - Estrangeira Importação Direta	94381946	1{7		117		98x81x73 cm	36	24	true
kullka001	428	Vegetable Spiralizer	Edgeclub	M	bazar		1 - Estrangeira Importação Direta	67172492	2{7				49x58x97 cm	56	11	false
kullka001	429	Bamboo Memory Foam Pillow	Voonix	M	alcoólicos		2 - Estrangeira Adquirida no Mercado Interno	83723185	3{7	38.47			42x16x16 cm	67	93	false
kullka001	430	Vegetarian Sausage Links	Cogibox	L	açougue		1 - Estrangeira Importação Direta	79002278	1{7		107		31x29x81 cm	30	73	false
kullka001	431	Chocolate Chip Pancake Mix	Topiclounge	L	bazar		1 - Estrangeira Importação Direta	12097440	1{7		191	100	24x81x23 cm	92	95	true
kullka001	432	Basil Lemonade	Tavu	KG	mercearia		2 - Estrangeira Adquirida no Mercado Interno	88599649	5{7		131	100	08x01x23 cm	85	72	true
kullka001	433	Electric Heat Pad	Oodoo	CX	açougue		2 - Estrangeira Adquirida no Mercado Interno	21338579	6{7	72.52		100	29x83x48 cm	43	33	false
kullka001	434	Harvest Grain Salad	Centidel	CX	açougue		2 - Estrangeira Adquirida no Mercado Interno	97808837	8{7			100	62x56x06 cm	15	11	true
kullka001	435	Buffalo Wing Sauce	Twitterlist	UN	mercearia		1 - Estrangeira Importação Direta	17775116	3{7	48.76	116		30x33x97 cm	40	26	false
kullka001	436	Ginger Snaps	Zoozzy	KG	mercearia		1 - Estrangeira Importação Direta	84693785	2{7				90x87x06 cm	49	95	true
kullka001	437	Organic Green Apples	Eamia	L	Bebidas		0 - Nacional	69844298	7{7	11.76	133	100	73x89x98 cm	21	87	true
kullka001	438	Action Camera	Yacero	UN	Bebidas		0 - Nacional	55408014	7{7	69.95	170	100	02x31x80 cm	24	34	false
kullka001	439	Smartphone Tripod with Bluetooth Remote	Realbridge	KG	alcoólicos		1 - Estrangeira Importação Direta	98332573	6{7	29.2	149		05x15x46 cm	17	29	true
kullka001	440	Coconut Curry Chicken	Jabbertype	KG	mercearia		0 - Nacional	36397951	4{7	36.82	137	100	11x41x84 cm	35	41	true
kullka001	441	Buffalo Chicken Wraps	Fivebridge	M	mercearia		1 - Estrangeira Importação Direta	9345532	0{7	49.85		100	48x83x03 cm	50	58	false
kullka001	442	Magnetic Phone Case	Lazz	CX	açougue		1 - Estrangeira Importação Direta	40451131	7{7		187	100	62x67x16 cm	29	91	true
kullka001	443	Almond Flour Tortillas	Tagchat	CX	bazar		1 - Estrangeira Importação Direta	39455285	5{7	55.67		100	25x42x83 cm	80	94	true
kullka001	444	Garlic & Herb Goat Cheese	Miboo	CX	alcoólicos		1 - Estrangeira Importação Direta	26384589	6{7	94.99	139		42x12x17 cm	40	32	false
kullka001	445	Portable Solar Phone Charger	Jabbertype	M	açougue		1 - Estrangeira Importação Direta	24506126	5{7	13.7		100	12x26x52 cm	26	80	true
kullka001	446	Vanilla Almond Granola	Npath	M	açougue		0 - Nacional	80689380	4{7	15.46	145		47x47x78 cm	85	3	true
kullka001	447	Camping Chair with Cooler	Brightdog	M	açougue		2 - Estrangeira Adquirida no Mercado Interno	24627134	3{7		102	100	95x25x80 cm	82	58	false
kullka001	448	Roasted Red Pepper Sauce	Jabbercube	L	hortifruti		1 - Estrangeira Importação Direta	98236268	4{7		190		62x68x38 cm	96	25	true
kullka001	449	Adjustable Pet Grooming Table	Blogtags	KG	mercearia		0 - Nacional	48241426	1{7	67.75	155	100	14x79x38 cm	16	28	true
kullka001	450	Stainless Steel Grater	Realcube	KG	alcoólicos		1 - Estrangeira Importação Direta	57152261	3{7		154	100	14x15x87 cm	40	86	true
kullka001	451	Mini Waffle Maker	Riffpath	UN	açougue		2 - Estrangeira Adquirida no Mercado Interno	33887219	7{7	43.14	150	100	78x85x60 cm	66	85	false
kullka001	452	Sports Bottle	Oyonder	UN	açougue		2 - Estrangeira Adquirida no Mercado Interno	39812427	4{7	56.54	131		57x24x00 cm	76	36	true
kullka001	453	Honey Lemon Tea	Topdrive	L	hortifruti		0 - Nacional	95582599	1{7		152	100	22x15x63 cm	16	20	true
kullka001	454	Creamy Spinach Dip	Skynoodle	L	bazar		0 - Nacional	11289497	0{7	18.22	102		53x30x73 cm	79	53	false
kullka001	455	Travel Pillow	Mydo	CX	açougue		2 - Estrangeira Adquirida no Mercado Interno	41995555	4{7	57.5	188		75x48x57 cm	41	20	true
kullka001	456	Mini Projector	Yacero	UN	mercearia		2 - Estrangeira Adquirida no Mercado Interno	88115477	4{7	39.58	180	100	48x26x77 cm	19	30	true
kullka001	457	Sesame Oil	Edgeblab	L	mercearia		2 - Estrangeira Adquirida no Mercado Interno	58735183	2{7		198	100	29x44x84 cm	4	32	false
kullka001	458	Lemon Pepper Seasoning	Skyvu	UN	bazar		2 - Estrangeira Adquirida no Mercado Interno	71185919	6{7	88.23		100	69x01x25 cm	94	81	true
kullka001	459	Kid's Fruit Snacks	Voonix	UN	açougue		2 - Estrangeira Adquirida no Mercado Interno	26543902	1{7		102	100	90x64x37 cm	80	34	false
kullka001	460	Organic Black Beans	Avamba	M	açougue		2 - Estrangeira Adquirida no Mercado Interno	62730441	9{7	24.47	103	100	36x99x14 cm	75	19	false
kullka001	461	Chili Powder	Gigashots	M	mercearia		0 - Nacional	54986992	7{7	37.43			34x13x35 cm	10	6	true
kullka001	462	Classic Baseball Cap	Browsecat	L	mercearia		1 - Estrangeira Importação Direta	71030440	5{7	16.46	157	100	86x32x82 cm	33	43	true
kullka001	463	Apple Juice	Thoughtstorm	KG	hortifruti		1 - Estrangeira Importação Direta	17564049	7{7	26.21			13x88x90 cm	16	98	false
kullka001	464	Window Blinds	Meetz	M	Bebidas		0 - Nacional	60914636	8{7	13.15	107	100	98x46x57 cm	4	40	true
kullka001	465	Car Seat Organizer	Jaxworks	L	alcoólicos		2 - Estrangeira Adquirida no Mercado Interno	49123965	5{7	17.33		100	08x75x11 cm	78	88	true
kullka001	466	Ice Cube Tray with Lid	Roombo	L	alcoólicos		0 - Nacional	41840381	1{7		121	100	03x80x79 cm	52	31	false
kullka001	467	Smart Thermostat	Skyvu	L	bazar		1 - Estrangeira Importação Direta	70978242	5{7	41.68	152	100	58x36x95 cm	3	41	true
kullka001	468	Plaid Flannel Shirt	Twinte	KG	alcoólicos		1 - Estrangeira Importação Direta	82068833	9{7	65.47	100		65x83x28 cm	40	52	false
kullka001	469	Californian Raisins	Photospace	KG	açougue		0 - Nacional	94658758	2{7	56.23	126		77x11x89 cm	17	26	false
kullka001	470	Barbecue Chicken Pizza	Browsezoom	L	açougue		2 - Estrangeira Adquirida no Mercado Interno	66515528	1{7		157	100	69x42x16 cm	5	2	true
kullka001	471	Spicy Tuna Sushi Kit	Gigaclub	KG	açougue		0 - Nacional	42611413	5{7			100	93x21x28 cm	99	56	false
kullka001	472	Frozen Mixed Berries	Wikizz	UN	açougue		0 - Nacional	85401961	3{7		177	100	96x33x67 cm	63	2	false
kullka001	473	Basmati Rice	Yodo	L	alcoólicos		0 - Nacional	86862828	7{7	28.89		100	68x24x22 cm	38	94	true
kullka001	474	DIY Candle Making Kit	Quamba	UN	hortifruti		0 - Nacional	35551964	2{7			100	81x72x00 cm	8	30	false
kullka001	475	Cinnamon Raisin Bread	Skippad	UN	hortifruti		2 - Estrangeira Adquirida no Mercado Interno	20500328	0{7	12.92			44x14x16 cm	68	48	false
kullka001	476	Tailored Dress Pants	Twinder	CX	hortifruti		1 - Estrangeira Importação Direta	50612813	0{7	33.54	188		11x98x54 cm	29	21	true
kullka001	477	Pet Travel Carrier	Leexo	KG	alcoólicos		1 - Estrangeira Importação Direta	83881195	3{7		134		86x55x91 cm	5	95	true
kullka001	478	Elderberry Syrup	Oyoyo	M	mercearia		2 - Estrangeira Adquirida no Mercado Interno	32801140	5{7	44.98	156	100	69x83x88 cm	65	59	false
kullka001	479	Cinnamon Roll Protein Bar	Agimba	KG	Bebidas		2 - Estrangeira Adquirida no Mercado Interno	91270308	9{7	21.88		100	84x83x34 cm	8	5	true
kullka001	480	Chipotle Seasoning Blend	Twitterwire	UN	alcoólicos		0 - Nacional	59116179	0{7	32.52	137	100	72x19x62 cm	43	65	true
kullka001	481	Black Bean Spaghetti	Yambee	M	açougue		0 - Nacional	12887343	7{7			100	23x70x68 cm	20	89	true
kullka001	482	Pet Hair Removal Brush	Leenti	M	bazar		1 - Estrangeira Importação Direta	38733571	8{7	72.58	100	100	63x94x68 cm	37	38	true
kullka001	483	Cinnamon Sugar Donuts	Edgetag	KG	bazar		1 - Estrangeira Importação Direta	74998993	9{7		141	100	71x84x74 cm	54	1	false
kullka001	484	Smart Home Security Camera	Yodoo	L	Bebidas		0 - Nacional	17092028	1{7		184	100	18x10x85 cm	63	21	true
kullka001	485	Portable Blender	Jayo	KG	alcoólicos		1 - Estrangeira Importação Direta	5520681	2{7		200	100	74x94x71 cm	97	42	false
kullka001	486	Cucumber	Livetube	L	hortifruti		0 - Nacional	66085379	9{7	50.81		100	34x90x46 cm	9	68	true
kullka001	487	Organic Coconut Flour	Brainbox	L	açougue		1 - Estrangeira Importação Direta	20986237	9{7	64.93	166	100	76x86x80 cm	28	94	false
kullka001	488	Herbed Chicken Breast	Edgewire	UN	bazar		0 - Nacional	44586375	0{7	90.83		100	97x60x17 cm	98	48	false
kullka001	489	Sweet Potato Tots	Wikibox	M	mercearia		0 - Nacional	73875813	6{7	34.26	188		32x70x60 cm	99	19	false
kullka001	490	Denim Jacket	Skyba	UN	açougue		1 - Estrangeira Importação Direta	4398444	6{7		100		74x06x29 cm	62	67	true
kullka001	491	Maple Bacon Jerky	Dabtype	KG	bazar		2 - Estrangeira Adquirida no Mercado Interno	9820199	7{7	44.25	112		16x89x23 cm	62	20	false
kullka001	492	Samsung Galaxy Smartwatch	Jabberbean	L	açougue		0 - Nacional	98459902	0{7	33.23		100	45x16x64 cm	65	55	true
kullka001	493	Chocolate Hazelnut Spread	Gigaclub	KG	mercearia		0 - Nacional	3689341	9{7	92.43	138	100	96x65x88 cm	18	45	true
kullka001	494	Foam Building Blocks for Kids	Yodo	M	hortifruti		0 - Nacional	81551291	0{7	75.25	114	100	83x98x18 cm	46	13	false
kullka001	495	Honey Lemon Tea	Fivechat	UN	Bebidas		2 - Estrangeira Adquirida no Mercado Interno	69581587	7{7	51.26		100	01x33x30 cm	36	40	false
kullka001	496	Instant Camera	Skidoo	L	açougue		2 - Estrangeira Adquirida no Mercado Interno	18962159	2{7		168		61x15x87 cm	69	65	true
kullka001	497	Blueberry Chia Jam	Lajo	M	açougue		0 - Nacional	61742185	7{7	90.55		100	78x59x20 cm	65	98	false
kullka001	498	Compressible Packing Cubes	Rhycero	UN	alcoólicos		2 - Estrangeira Adquirida no Mercado Interno	39887739	5{7		184	100	17x70x64 cm	49	40	false
kullka001	499	Pasta Primavera Kit	Oyondu	CX	Bebidas		0 - Nacional	80575909	6{7		161	100	10x63x52 cm	31	54	false
kullka001	500	Sweet Potatoes (organic)	Jaxnation	L	mercearia		1 - Estrangeira Importação Direta	96029631	6{7				25x83x00 cm	13	12	true
kullka001	501	Lentil Soup	Tagfeed	M	mercearia		0 - Nacional	11292613	6{7	58.17	158		65x91x26 cm	97	13	false
kullka001	502	Outdoor Camping Hammock	Thoughtblab	UN	açougue		1 - Estrangeira Importação Direta	78114353	0{7			100	74x54x14 cm	41	11	false
kullka001	503	Bike Repair Tool Kit	Yotz	CX	hortifruti		0 - Nacional	21681495	0{7		125		91x02x38 cm	52	51	false
kullka001	504	Heart-Shaped Baking Molds	Photojam	KG	mercearia		0 - Nacional	13547781	9{7	40.44			87x40x25 cm	90	7	true
kullka001	505	Gluten-Free Brownies	Camimbo	L	açougue		1 - Estrangeira Importação Direta	43584539	4{7	52.33	152		27x54x68 cm	96	43	false
kullka001	506	Spaghetti Squash	Tavu	L	hortifruti		0 - Nacional	67754351	7{7		187		69x81x58 cm	91	41	true
kullka001	507	Chicken Broth	Thoughtstorm	CX	açougue		1 - Estrangeira Importação Direta	97851847	3{7		152		82x73x73 cm	36	93	false
kullka001	508	Ice Cream Maker	Layo	M	hortifruti		1 - Estrangeira Importação Direta	47960401	8{7	31.5			19x31x98 cm	69	49	true
kullka001	509	Elderberry Syrup Kit	Ooba	M	mercearia		1 - Estrangeira Importação Direta	37922968	0{7		120	100	72x22x67 cm	18	21	true
kullka001	510	Vegetable Quinoa Bowl	Zooxo	KG	alcoólicos		2 - Estrangeira Adquirida no Mercado Interno	96705905	7{7				66x02x19 cm	62	56	true
kullka001	511	Portable Air Pump	Tekfly	L	açougue		2 - Estrangeira Adquirida no Mercado Interno	88347404	1{7		184		45x00x04 cm	69	86	false
kullka001	512	Organic Quinoa Chips	Miboo	UN	bazar		1 - Estrangeira Importação Direta	46780569	9{7			100	51x01x11 cm	24	64	true
kullka001	513	Outdoor Mosquito Repellent Lantern	Brainlounge	M	açougue		0 - Nacional	70368509	0{7	94.33	163		88x90x62 cm	49	79	true
kullka001	514	Floral Summer Dress	Tambee	M	açougue		0 - Nacional	16155555	7{7	42.01	121	100	87x30x45 cm	84	82	true
kullka001	515	Couscous	Camimbo	L	bazar		0 - Nacional	78588802	3{7	12.16		100	50x29x36 cm	17	84	true
kullka001	516	Vegetable Lasagna	DabZ	L	Bebidas		1 - Estrangeira Importação Direta	41071480	5{7				20x59x61 cm	19	61	false
kullka001	517	Creamy Spinach Dip	Skidoo	KG	alcoólicos		2 - Estrangeira Adquirida no Mercado Interno	59056761	9{7	34.94		100	74x43x49 cm	45	41	false
kullka001	518	Sweet Pea Hummus	Fliptune	M	bazar		1 - Estrangeira Importação Direta	55103357	3{7	52.07		100	81x22x34 cm	97	26	true
kullka001	519	Chicken Broth	Twiyo	KG	açougue		1 - Estrangeira Importação Direta	59006414	1{7		190	100	15x28x24 cm	56	89	true
kullka001	520	Pumpkin Waffles	Topicshots	L	mercearia		0 - Nacional	71256263	6{7	62.47	140	100	59x92x48 cm	16	88	false
kullka001	521	Sliced Strawberries	Oyoba	M	açougue		0 - Nacional	67762010	7{7		178	100	38x45x55 cm	21	8	true
kullka001	522	Vegetable Stock	Browsetype	L	Bebidas		2 - Estrangeira Adquirida no Mercado Interno	1711923	2{7			100	74x27x64 cm	88	21	true
kullka001	523	Portable Bluetooth Speaker	Kwinu	M	mercearia		2 - Estrangeira Adquirida no Mercado Interno	73238219	7{7	92.81	115		57x51x82 cm	97	36	true
kullka001	524	Collapsible Folding Chair	Zooxo	KG	mercearia		1 - Estrangeira Importação Direta	51028412	1{7		105	100	29x02x34 cm	34	69	false
kullka001	525	Cotton Tote Bag Set	Yadel	L	Bebidas		2 - Estrangeira Adquirida no Mercado Interno	34950927	8{7	67.56	121	100	61x61x27 cm	86	56	false
kullka001	526	Air Fryer	Wikizz	L	açougue		1 - Estrangeira Importação Direta	42902737	9{7	36.14	160		09x45x66 cm	52	90	false
kullka001	527	Repair Tool Set for Home Improvement	Skivee	CX	açougue		0 - Nacional	62927282	4{7				20x76x59 cm	19	53	true
kullka001	528	Vegetable and Cheese Quesadillas	Quinu	KG	mercearia		1 - Estrangeira Importação Direta	78536137	6{7	29.55			18x68x05 cm	58	18	true
kullka001	529	Magnetic Spice Containers	Rhyloo	UN	alcoólicos		2 - Estrangeira Adquirida no Mercado Interno	19340291	5{7		111		59x28x58 cm	41	61	true
kullka001	530	Beef Taco Skillet	Kazio	L	mercearia		2 - Estrangeira Adquirida no Mercado Interno	43472635	8{7	46.47	173		42x95x64 cm	4	43	false
kullka001	531	Vegetable Stir-Fry Kit	Mynte	CX	mercearia		0 - Nacional	26248464	2{7	87.82		100	18x69x83 cm	37	1	false
kullka001	532	Baking Powder	Trudoo	CX	açougue		1 - Estrangeira Importação Direta	27546813	1{7		118	100	39x61x80 cm	19	38	true
kullka001	533	Soft Plush Throw Blanket	Realbuzz	L	alcoólicos		0 - Nacional	40700744	9{7		145		39x32x73 cm	1	37	false
kullka001	534	Ethically-Sourced Coffee Beans	Skaboo	M	hortifruti		2 - Estrangeira Adquirida no Mercado Interno	30599698	2{7	13.47	170	100	65x84x55 cm	3	68	true
kullka001	535	Maple Cinnamon Granola	Demimbu	KG	açougue		1 - Estrangeira Importação Direta	33167819	1{7	47.65		100	57x54x56 cm	19	88	false
kullka001	536	Mushroom Soup (canned)	Skibox	CX	alcoólicos		2 - Estrangeira Adquirida no Mercado Interno	33270592	7{7	85.73	145		57x38x61 cm	45	99	false
kullka001	537	Asian Stir-Fry Vegetables	Meemm	UN	alcoólicos		2 - Estrangeira Adquirida no Mercado Interno	23519740	9{7		132	100	67x59x00 cm	41	73	false
kullka001	538	Electric Milk Frother	Realbridge	CX	mercearia		0 - Nacional	49032175	0{7	77.46	192	100	60x36x72 cm	26	8	true
kullka001	539	French Bread	Janyx	CX	alcoólicos		0 - Nacional	20373732	9{7	81.22		100	12x95x23 cm	39	27	false
kullka001	540	Safety Goggles	Yombu	KG	mercearia		0 - Nacional	88111773	4{7	16.45	157		80x25x18 cm	47	79	true
kullka001	541	Stainless Steel Straws	Zava	UN	açougue		0 - Nacional	2777632	4{7		154		15x30x16 cm	51	4	true
kullka001	542	Peach Mango Smoothie	Rhyzio	UN	hortifruti		1 - Estrangeira Importação Direta	77694547	0{7	13.65			01x06x08 cm	18	74	true
kullka001	543	Glass Tea Pot	Izio	UN	mercearia		2 - Estrangeira Adquirida no Mercado Interno	17461591	3{7		184	100	40x05x48 cm	2	22	false
kullka001	544	Portable Electric Fan	Jaxbean	UN	bazar		2 - Estrangeira Adquirida no Mercado Interno	10908807	9{7	86.36	192	100	62x59x76 cm	23	45	true
kullka001	545	Tomato Paste	Wordpedia	M	bazar		2 - Estrangeira Adquirida no Mercado Interno	55894617	6{7	73.8	160	100	20x73x48 cm	37	38	false
kullka001	546	Strawberry Banana Smoothie Pack	Vinder	L	Bebidas		0 - Nacional	12795515	2{7	65.23			88x98x28 cm	99	93	true
kullka001	547	Savory Pumpkin Soup	Skajo	KG	mercearia		2 - Estrangeira Adquirida no Mercado Interno	16227461	4{7	36.22	129	100	45x06x71 cm	37	33	true
kullka001	548	Blackberry Compote	Zoonder	M	alcoólicos		0 - Nacional	26723055	0{7	41.16		100	40x96x62 cm	67	62	false
kullka001	549	Surimi Crab Sticks	Bubblemix	UN	bazar		2 - Estrangeira Adquirida no Mercado Interno	57275382	3{7	30.76	144	100	90x41x27 cm	17	32	false
kullka001	550	Pet Safety Belt for Car	Dynabox	L	alcoólicos		2 - Estrangeira Adquirida no Mercado Interno	30270742	6{7	70.37			73x93x60 cm	95	92	true
kullka001	551	Ground Turkey	Meezzy	KG	açougue		2 - Estrangeira Adquirida no Mercado Interno	72802397	9{7		181	100	21x27x74 cm	12	43	true
kullka001	552	Infrared Thermometer	Yozio	KG	açougue		0 - Nacional	47558435	7{7	85.94			53x68x09 cm	95	95	true
kullka001	553	Wall Art	Tagfeed	L	alcoólicos		0 - Nacional	51377052	8{7		161	100	56x03x33 cm	3	58	false
kullka001	554	Camping Lantern	Yombu	CX	Bebidas		2 - Estrangeira Adquirida no Mercado Interno	91985120	7{7			100	10x33x86 cm	61	3	true
kullka001	555	Dish Rack	Gevee	KG	alcoólicos		0 - Nacional	16772064	8{7	28.72	131	100	30x33x92 cm	29	13	false
kullka001	556	Pumpkin Waffles	Brightbean	M	alcoólicos		1 - Estrangeira Importação Direta	72162772	5{7	21.36	119		56x15x79 cm	66	94	true
kullka001	557	Cheese Stuffed Jalapenos	Kamba	L	Bebidas		0 - Nacional	10658532	2{7		159		87x86x16 cm	88	32	true
kullka001	558	Tomato Basil Pasta Sauce	Gevee	CX	mercearia		0 - Nacional	35930885	8{7	39.5		100	72x87x65 cm	96	38	false
kullka001	559	Magnetic Phone Case	Skimia	UN	açougue		0 - Nacional	87836243	2{7				84x78x34 cm	61	90	false
kullka001	560	Coconut Water	Vidoo	UN	Bebidas		1 - Estrangeira Importação Direta	98733647	1{7	65.04			53x48x97 cm	41	7	false
kullka001	561	Balsamic Fig Dressing	Realblab	M	Bebidas		0 - Nacional	77040880	5{7				01x84x49 cm	34	100	false
kullka001	562	Inflatable Paddle Board	Mycat	M	Bebidas		2 - Estrangeira Adquirida no Mercado Interno	31204022	8{7		179		23x00x15 cm	49	36	true
kullka001	563	Multi-Tool	Voolia	CX	hortifruti		0 - Nacional	3379519	8{7	32.96		100	62x02x63 cm	91	38	false
kullka001	564	Pasta (Linguine)	Yodoo	KG	bazar		1 - Estrangeira Importação Direta	98227896	2{7	37.57	106		59x19x99 cm	15	90	true
kullka001	565	Chicken Fajita Kit	Babbleset	L	hortifruti		2 - Estrangeira Adquirida no Mercado Interno	35822041	0{7	12.45	176	100	04x58x06 cm	16	97	false
kullka001	566	Camping Tarp	Jabberstorm	CX	açougue		0 - Nacional	38818808	5{7	71.68	197	100	98x50x88 cm	6	50	false
kullka001	567	Kids' Science Experiment Kit	Realfire	KG	bazar		2 - Estrangeira Adquirida no Mercado Interno	67715897	7{7	49.02	144	100	64x12x30 cm	99	44	true
kullka001	568	Vegan Chocolate Cake Mix	Rhynoodle	KG	hortifruti		0 - Nacional	74195470	7{7	55.9		100	74x16x20 cm	2	45	false
kullka001	569	Portable Phone Mug Holder	Cogilith	CX	Bebidas		2 - Estrangeira Adquirida no Mercado Interno	48032754	7{7		185	100	46x84x60 cm	10	38	true
kullka001	570	Electric Skillet	Brainlounge	L	mercearia		0 - Nacional	56193435	3{7		101		00x13x35 cm	82	74	false
kullka001	571	Kitchen Knife Sharpening System	Yambee	KG	açougue		1 - Estrangeira Importação Direta	59892550	8{7		129		89x42x64 cm	74	90	false
kullka001	572	Hand Crank Blender	Meembee	CX	hortifruti		0 - Nacional	51136997	6{7	45.27	156	100	07x79x40 cm	83	60	false
kullka001	573	Underwater Camera	Voomm	KG	Bebidas		2 - Estrangeira Adquirida no Mercado Interno	86860606	3{7	30.1	185		40x03x05 cm	54	90	false
kullka001	574	Mesh Sports Leggings	Feednation	CX	alcoólicos		0 - Nacional	93900245	3{7				12x44x60 cm	99	67	true
kullka001	575	Cranberry Almond Granola	Divanoodle	M	bazar		0 - Nacional	18291776	6{7	13.31	177	100	30x13x03 cm	17	53	false
kullka001	576	Wireless Mouse	Ntag	CX	hortifruti		1 - Estrangeira Importação Direta	48799824	1{7			100	10x49x97 cm	39	13	true
kullka001	577	Comfy Slippers	Edgetag	UN	hortifruti		2 - Estrangeira Adquirida no Mercado Interno	24826447	5{7	26.5	154		25x41x76 cm	66	22	false
kullka001	578	Pasta (Fusilli)	Trudoo	M	hortifruti		1 - Estrangeira Importação Direta	68023297	2{7		126	100	34x84x20 cm	19	6	true
kullka001	579	Elegant Lace Dress	Oyope	L	hortifruti		1 - Estrangeira Importação Direta	16545826	8{7			100	38x12x33 cm	19	10	false
kullka001	580	Bamboo Utensil Set	Skinix	CX	mercearia		2 - Estrangeira Adquirida no Mercado Interno	84333948	4{7	43.03	108		54x52x95 cm	19	63	false
kullka001	581	Zesty Cilantro Lime Dressing	Skiba	L	Bebidas		0 - Nacional	69244351	6{7	92.6	135	100	69x30x69 cm	60	3	false
kullka001	582	Peanut Butter Banana Smoothie Mix	Vitz	CX	açougue		1 - Estrangeira Importação Direta	30377703	3{7			100	09x09x54 cm	100	68	true
kullka001	583	Outdoor Folding Table	Reallinks	CX	açougue		1 - Estrangeira Importação Direta	70477826	6{7	33.1	161	100	44x39x20 cm	55	8	true
kullka001	584	Pumpkin Puree	Wordware	CX	mercearia		1 - Estrangeira Importação Direta	89197100	8{7	57.56		100	50x67x26 cm	22	3	true
kullka001	585	Portable Pet Stroller	Skaboo	UN	hortifruti		0 - Nacional	76172573	2{7	39.6			94x82x75 cm	15	93	true
kullka001	586	Nail Polish Set	Dynabox	L	Bebidas		2 - Estrangeira Adquirida no Mercado Interno	14248263	7{7	23.85			98x82x93 cm	96	53	true
kullka001	587	Raspberry Limeade	Skinix	M	Bebidas		2 - Estrangeira Adquirida no Mercado Interno	66604675	9{7	38.7	198	100	53x55x89 cm	63	17	false
kullka001	588	Pita Bread	Feedfire	KG	alcoólicos		1 - Estrangeira Importação Direta	7967974	5{7	15.08			15x73x87 cm	15	90	false
kullka001	589	Cinnamon Apple Sauce	Feedfire	M	mercearia		2 - Estrangeira Adquirida no Mercado Interno	60387759	7{7	11.22	196	100	10x84x24 cm	2	18	true
kullka001	590	Smartphone Gimbal	Yoveo	UN	alcoólicos		2 - Estrangeira Adquirida no Mercado Interno	21241690	0{7		120	100	15x77x58 cm	82	82	true
kullka001	591	Vegan Chocolate Cake Mix	Eare	CX	bazar		2 - Estrangeira Adquirida no Mercado Interno	94648176	2{7			100	31x79x93 cm	13	45	true
kullka001	592	Portable USB-C Monitor	Youbridge	KG	mercearia		1 - Estrangeira Importação Direta	60810860	2{7	52.71			23x10x41 cm	27	29	false
kullka001	593	Travel Mug	Jabbercube	M	hortifruti		0 - Nacional	77448977	0{7	52.39		100	59x82x58 cm	14	81	false
kullka001	594	Smartphone Tripod	Jazzy	L	mercearia		0 - Nacional	77588104	9{7	60.07	122	100	47x53x15 cm	69	69	true
kullka001	595	Stainless Steel Grater	Quaxo	M	hortifruti		1 - Estrangeira Importação Direta	82636875	8{7			100	07x69x27 cm	71	71	false
kullka001	596	Electric Skillet	Twitterworks	UN	bazar		0 - Nacional	61781427	5{7	55.46			11x42x28 cm	75	19	true
kullka001	597	Butternut Squash Soup	Mynte	CX	mercearia		1 - Estrangeira Importação Direta	91283270	9{7	60.28		100	37x24x17 cm	6	9	false
kullka001	598	Quinoa & Black Bean Salad	Thoughtworks	UN	mercearia		1 - Estrangeira Importação Direta	92301343	4{7	65.1	188		93x73x60 cm	70	64	false
kullka001	599	Ground Cinnamon	Meejo	M	Bebidas		1 - Estrangeira Importação Direta	71984091	4{7	67.53	192	100	56x75x78 cm	53	68	true
kullka001	600	Wireless Earbuds	Topicstorm	M	alcoólicos		0 - Nacional	47794932	6{7		107	100	05x25x53 cm	71	4	false
kullka001	601	Coconut Milk	Edgewire	CX	alcoólicos		0 - Nacional	76804977	4{7	96.08		100	11x22x02 cm	82	3	true
kullka001	602	Dog Frisbee Toy	Eazzy	CX	hortifruti		1 - Estrangeira Importação Direta	63885290	2{7		116	100	31x10x86 cm	99	79	true
kullka001	603	Cucumber	Dynazzy	KG	alcoólicos		2 - Estrangeira Adquirida no Mercado Interno	54346507	0{7		121	100	79x79x73 cm	73	11	false
kullka001	604	LED Desk Light	Gabcube	L	Bebidas		2 - Estrangeira Adquirida no Mercado Interno	42694417	2{7	70.05	101	100	60x57x72 cm	12	14	true
kullka001	605	Graphic Sweatshirt	Photospace	CX	mercearia		1 - Estrangeira Importação Direta	47240624	6{7			100	12x98x89 cm	37	75	true
kullka001	606	Hummus	Katz	UN	alcoólicos		2 - Estrangeira Adquirida no Mercado Interno	30176264	0{7	67.33	183	100	91x86x81 cm	28	44	false
kullka001	607	Dog Car Seat Cover	Meejo	M	hortifruti		2 - Estrangeira Adquirida no Mercado Interno	58969382	3{7				18x46x39 cm	61	57	true
kullka001	608	Pesto Pasta Salad	Linklinks	CX	hortifruti		2 - Estrangeira Adquirida no Mercado Interno	14931917	7{7	98.71			45x22x20 cm	67	76	true
kullka001	609	Herbed Couscous	Brainverse	L	açougue		2 - Estrangeira Adquirida no Mercado Interno	18510058	0{7				81x40x84 cm	60	15	true
kullka001	610	Spinach and Cheese Quiche	Tagchat	L	alcoólicos		2 - Estrangeira Adquirida no Mercado Interno	53822042	6{7	39.05		100	00x86x76 cm	42	50	true
kullka001	611	Frozen Vegetarian Pizza	Tagpad	UN	açougue		1 - Estrangeira Importação Direta	88534740	6{7				53x64x01 cm	98	50	true
kullka001	612	Surimi Crab Sticks	Wikibox	UN	mercearia		0 - Nacional	57179005	4{7		145	100	47x92x97 cm	30	5	true
kullka001	613	Green Smoothie Mix	Twinte	UN	mercearia		2 - Estrangeira Adquirida no Mercado Interno	91968569	4{7			100	78x12x94 cm	17	40	false
kullka001	614	Mechanical Pencil Set	Trilia	KG	bazar		0 - Nacional	23461525	4{7			100	05x20x22 cm	89	62	false
kullka001	615	LED Makeup Mirror	Zava	L	alcoólicos		2 - Estrangeira Adquirida no Mercado Interno	85343229	7{7	38.43	126	100	46x29x57 cm	31	10	false
kullka001	616	Sun-Dried Tomatoes	Skinte	M	açougue		2 - Estrangeira Adquirida no Mercado Interno	33543617	6{7	19.73		100	61x37x01 cm	14	28	true
kullka001	617	Magnetic Spice Jars	Browseblab	UN	alcoólicos		0 - Nacional	42947787	6{7		100		00x84x96 cm	91	65	false
kullka001	618	Bock Beer Mustard	Trilith	CX	bazar		1 - Estrangeira Importação Direta	95371049	2{7				15x31x24 cm	87	65	true
kullka001	619	Sooji (Semolina)	Devcast	M	alcoólicos		0 - Nacional	68326156	4{7	58.99		100	41x85x12 cm	38	11	false
kullka001	620	Cheesy Broccoli Soup Mix	Oyoyo	M	alcoólicos		1 - Estrangeira Importação Direta	22853721	1{7	46.56		100	75x27x04 cm	56	25	true
kullka001	621	Peanut Butter Granola	Ozu	CX	Bebidas		1 - Estrangeira Importação Direta	785036	0{7	14.5	181	100	81x44x60 cm	18	94	true
kullka001	622	Dark Chocolate Tart	Vinte	UN	alcoólicos		2 - Estrangeira Adquirida no Mercado Interno	31902968	2{7	33.07	165	100	57x89x25 cm	60	45	false
kullka001	623	Herbed Chicken Breast	Oyope	UN	Bebidas		0 - Nacional	90621767	4{7	45.69		100	85x65x11 cm	35	27	true
kullka001	624	Tomato Paste	Skilith	UN	hortifruti		0 - Nacional	91380352	7{7			100	39x67x73 cm	81	58	false
kullka001	625	Smartphone Car Mount with Wireless Charging	Twimm	CX	hortifruti		1 - Estrangeira Importação Direta	72707207	3{7	31.85	124	100	39x65x21 cm	46	4	false
kullka001	626	Voice-Controlled Speaker	Twitternation	L	hortifruti		0 - Nacional	73318747	9{7	68.12			99x17x88 cm	48	62	true
kullka001	627	Non-Toxic Crayons for Kids	Wikizz	M	açougue		2 - Estrangeira Adquirida no Mercado Interno	31363424	7{7		191		49x14x72 cm	67	39	false
kullka001	628	Fridge Magnet Set	Wikizz	L	mercearia		0 - Nacional	45939527	0{7	99.24		100	27x54x74 cm	75	63	false
kullka001	629	Kids' Craft Supplies Set	Browsezoom	M	bazar		1 - Estrangeira Importação Direta	27555391	6{7				43x04x72 cm	99	65	false
kullka001	630	Mediterranean Couscous	Tazz	L	Bebidas		2 - Estrangeira Adquirida no Mercado Interno	4763850	1{7		159	100	47x48x54 cm	87	78	true
kullka001	631	Spiced Pumpkin Soup	Babbleset	CX	mercearia		2 - Estrangeira Adquirida no Mercado Interno	45240366	0{7		133	100	46x08x57 cm	54	4	true
kullka001	632	Heated Throw Blanket	Twitternation	UN	hortifruti		1 - Estrangeira Importação Direta	93049332	5{7	78.58			31x62x46 cm	32	11	false
kullka001	633	Coconut Chips	Vinte	CX	açougue		0 - Nacional	27586147	6{7				16x03x54 cm	25	62	false
kullka001	634	Pumpkin Seeds	Quatz	KG	bazar		1 - Estrangeira Importação Direta	66627720	2{7				11x50x75 cm	58	25	false
kullka001	635	Rainbow Veggie Chips	Topicware	CX	bazar		0 - Nacional	90195962	1{7	10.74	156	100	08x04x93 cm	48	66	false
kullka001	636	Margherita Pizza	Realblab	UN	bazar		2 - Estrangeira Adquirida no Mercado Interno	37432478	7{7	57.63	189	100	28x95x63 cm	78	4	true
kullka001	637	Heart-Shaped Baking Molds	Oodoo	UN	mercearia		0 - Nacional	38186731	5{7		101	100	90x08x94 cm	74	87	false
kullka001	638	Wireless Earbuds Case	Quire	UN	alcoólicos		1 - Estrangeira Importação Direta	43118720	5{7		167	100	45x17x60 cm	26	86	true
kullka001	639	Chocolate Chip Muffins	Skivee	KG	alcoólicos		1 - Estrangeira Importação Direta	27536507	1{7		166	100	08x63x62 cm	45	26	true
kullka001	640	Mesh Laundry Bags Set	Brightdog	UN	alcoólicos		0 - Nacional	12329694	4{7			100	39x21x33 cm	5	49	true
kullka001	641	Mini Projector	Jaxnation	L	Bebidas		2 - Estrangeira Adquirida no Mercado Interno	53782631	4{7		145		12x79x60 cm	36	17	true
kullka001	642	Blue Corn Tortilla Chips	Jaxbean	M	alcoólicos		2 - Estrangeira Adquirida no Mercado Interno	54780480	2{7		174	100	03x12x68 cm	99	33	true
kullka001	643	Pumpkin Spice Granola	Oyope	M	hortifruti		0 - Nacional	46336813	2{7	85.11	131	100	26x58x70 cm	11	40	true
kullka001	644	Electric Bike	Yacero	M	açougue		2 - Estrangeira Adquirida no Mercado Interno	18719043	6{7	13.82	134		59x67x12 cm	96	63	true
kullka001	645	Chili Beans in Sauce	Oyoyo	L	bazar		2 - Estrangeira Adquirida no Mercado Interno	44247802	0{7	11.0			71x62x51 cm	43	70	true
kullka001	646	Cinnamon Roll Dough	Browsebug	CX	mercearia		0 - Nacional	89023577	3{7	20.77		100	89x62x74 cm	83	44	true
kullka001	647	Collapsible Storage Crates	Jaxspan	M	alcoólicos		0 - Nacional	34904595	6{7			100	09x67x82 cm	9	82	true
kullka001	648	Vegetable Korma	Quaxo	CX	açougue		0 - Nacional	96309899	9{7	20.8			29x90x77 cm	39	82	true
kullka001	649	Fitness Resistance Bands	Bluejam	M	bazar		2 - Estrangeira Adquirida no Mercado Interno	31069338	3{7			100	65x67x37 cm	42	71	false
kullka001	650	Vegetable Fried Rice Mix	Divavu	L	alcoólicos		1 - Estrangeira Importação Direta	35922730	7{7	96.47	139		69x75x24 cm	77	97	true
kullka001	651	Smartphone Tripod with Bluetooth Remote	Rhynyx	M	hortifruti		2 - Estrangeira Adquirida no Mercado Interno	40042588	8{7	33.6	149		72x65x36 cm	92	25	false
kullka001	652	Foldable Yoga Mat Carry Bag	Devpulse	L	alcoólicos		0 - Nacional	56656907	2{7			100	82x61x96 cm	62	60	true
kullka001	653	Board Game	Skibox	M	Bebidas		2 - Estrangeira Adquirida no Mercado Interno	77944940	4{7	28.51		100	00x62x51 cm	57	1	true
kullka001	654	Whipped Cream Cheese	Zazio	UN	mercearia		1 - Estrangeira Importação Direta	84505085	4{7		189	100	43x27x01 cm	30	24	true
kullka001	655	Home Office Chair	Shufflebeat	KG	alcoólicos		2 - Estrangeira Adquirida no Mercado Interno	88059088	0{7	80.92		100	14x15x73 cm	55	100	false
kullka001	656	Creamy Garlic Mashed Potatoes	Podcat	CX	açougue		0 - Nacional	67730865	1{7	32.96	165	100	52x08x64 cm	42	77	false
kullka001	657	Organic Quinoa	Gigazoom	M	Bebidas		0 - Nacional	82898660	9{7				38x95x94 cm	100	98	true
kullka001	658	Wireless Security Camera	Jabbersphere	UN	Bebidas		2 - Estrangeira Adquirida no Mercado Interno	46408894	1{7			100	64x74x83 cm	53	86	true
kullka001	659	Sliced Cucumbers	Dabtype	UN	açougue		0 - Nacional	78712366	6{7	26.73			34x12x86 cm	90	29	false
kullka001	660	Red Lentil Pasta	Dynabox	L	hortifruti		2 - Estrangeira Adquirida no Mercado Interno	53683793	9{7		198	100	59x05x74 cm	77	96	true
kullka001	661	Chickpea Snack Mix	Eidel	CX	hortifruti		2 - Estrangeira Adquirida no Mercado Interno	63455193	7{7		146		42x57x17 cm	3	3	true
kullka001	662	Vegan chocolate chip cookies	Realpoint	L	açougue		2 - Estrangeira Adquirida no Mercado Interno	13831667	3{7	97.83		100	67x51x91 cm	69	31	false
kullka001	663	Rice Cakes	Blogspan	KG	hortifruti		2 - Estrangeira Adquirida no Mercado Interno	71824918	3{7	35.57			70x80x51 cm	66	1	true
kullka001	664	Garden Tool Set with Carrying Bag	Yodoo	L	mercearia		0 - Nacional	38847049	7{7	20.38			47x31x38 cm	36	24	true
kullka001	665	Stainless Steel Cutlery Set	Mydeo	CX	alcoólicos		0 - Nacional	6463930	2{7	17.75	133		69x15x17 cm	25	89	true
kullka001	666	Insulated Sport Tumbler	Yotz	UN	Bebidas		1 - Estrangeira Importação Direta	42002357	6{7	85.79		100	08x81x76 cm	39	46	true
kullka001	667	Adjustable Laptop Desk	Topicblab	M	mercearia		2 - Estrangeira Adquirida no Mercado Interno	17939514	9{7				58x93x29 cm	87	22	false
kullka001	668	Mango Chunks	Feedspan	L	açougue		2 - Estrangeira Adquirida no Mercado Interno	2223698	3{7	89.21	153	100	97x54x51 cm	44	55	true
kullka001	669	Cheesy Cauliflower Bake	Kwilith	L	açougue		1 - Estrangeira Importação Direta	38652336	9{7	32.71			12x52x56 cm	20	19	false
kullka001	670	Tomato Basil Pasta Sauce	Skinix	KG	açougue		1 - Estrangeira Importação Direta	481181	0{7	38.19		100	90x39x83 cm	34	89	true
kullka001	671	Customizable Photo Calendar	Oyoyo	UN	Bebidas		2 - Estrangeira Adquirida no Mercado Interno	85355755	6{7	49.2	184	100	23x48x21 cm	65	21	true
kullka001	672	Rainbow Veggie Chips	Kwinu	CX	açougue		2 - Estrangeira Adquirida no Mercado Interno	28072341	4{7	48.48			50x44x98 cm	54	40	false
kullka001	673	Margherita Pizza	Topicblab	M	bazar		1 - Estrangeira Importação Direta	66962059	5{7	47.52	167	100	13x11x50 cm	74	32	false
kullka001	674	Crispy Potato Tots	Mybuzz	M	açougue		2 - Estrangeira Adquirida no Mercado Interno	78592794	4{7		122		52x90x80 cm	22	26	false
kullka001	675	Pasta Portion Control Measure	Zoozzy	KG	bazar		2 - Estrangeira Adquirida no Mercado Interno	3418290	0{7	83.36	166		26x04x55 cm	10	90	true
kullka001	676	Maple Chipotle Glaze	Feedmix	M	bazar		0 - Nacional	20153155	0{7		158		54x15x31 cm	89	97	true
kullka001	677	Portable Folding Picnic Table	Meezzy	UN	Bebidas		1 - Estrangeira Importação Direta	58107876	0{7			100	17x41x89 cm	39	49	false
kullka001	678	LED Desk Lamp with USB Charging Port	Voonder	CX	hortifruti		0 - Nacional	26521102	4{7		121		32x12x78 cm	12	35	true
kullka001	679	Vegetable Samosas	Photospace	UN	hortifruti		1 - Estrangeira Importação Direta	13986865	2{7		177	100	41x57x34 cm	82	84	false
kullka001	680	Teriyaki Beef Strips	Skiptube	M	alcoólicos		2 - Estrangeira Adquirida no Mercado Interno	3341447	8{7	43.55	117	100	65x26x11 cm	35	98	false
kullka001	681	Electric Rice Cooker with Steamer	Innotype	CX	hortifruti		0 - Nacional	31306721	4{7	32.48	139		72x77x09 cm	41	59	false
kullka001	682	Breezy Off-The-Shoulder Top	Brainverse	M	bazar		2 - Estrangeira Adquirida no Mercado Interno	7407005	5{7	57.22	122	100	74x03x36 cm	25	30	false
kullka001	683	Suede Ankle Booties	Eidel	L	açougue		0 - Nacional	42975382	1{7		152		58x17x70 cm	73	43	true
kullka001	684	Adjustable Skipping Rope	Thoughtmix	KG	hortifruti		0 - Nacional	87753174	4{7		104	100	85x23x11 cm	34	45	false
kullka001	685	Spiralizer	Flipstorm	M	mercearia		0 - Nacional	63770183	0{7				43x79x78 cm	74	26	false
kullka001	686	Plant-Based Meal Prep Containers	Meedoo	L	açougue		0 - Nacional	37254862	6{7		164		87x54x47 cm	11	90	true
kullka001	687	Lightweight Rain Jacket	Skyble	CX	Bebidas		1 - Estrangeira Importação Direta	67017112	9{7	69.85		100	25x87x57 cm	99	20	true
kullka001	688	Kids' Science Experiment Kit	Yakijo	KG	bazar		1 - Estrangeira Importação Direta	35084559	8{7		159	100	24x22x09 cm	69	55	true
kullka001	689	Frozen Berry Blend	Babbleopia	CX	alcoólicos		2 - Estrangeira Adquirida no Mercado Interno	3310440	8{7			100	50x15x57 cm	4	29	true
kullka001	690	Pineapple Coconut Bars	Trunyx	UN	alcoólicos		1 - Estrangeira Importação Direta	59803213	8{7	11.96		100	18x61x50 cm	50	21	true
kullka001	691	Wireless Range Extender	Feedspan	M	Bebidas		0 - Nacional	58500283	0{7			100	17x07x37 cm	62	81	true
kullka001	692	Bock Beer Mustard	Realpoint	CX	bazar		1 - Estrangeira Importação Direta	32881640	7{7				54x46x53 cm	26	17	true
kullka001	693	Portable Solar Camp Shower	Bluezoom	KG	mercearia		2 - Estrangeira Adquirida no Mercado Interno	28996592	0{7		171		81x18x25 cm	77	22	true
kullka001	694	LED Strip Lights	Fliptune	KG	bazar		2 - Estrangeira Adquirida no Mercado Interno	54431165	1{7	10.93		100	12x14x02 cm	86	14	false
kullka001	695	Floral Summer Dress	Pixoboo	UN	açougue		0 - Nacional	5304093	5{7		142	100	15x74x54 cm	95	56	true
kullka001	696	Sliced Provolone Cheese	Wikido	UN	hortifruti		0 - Nacional	4253140	8{7		183	100	72x95x12 cm	78	59	true
kullka001	697	Nut Mix	Wikido	L	açougue		0 - Nacional	75237101	4{7	65.71	179	100	71x63x50 cm	36	98	true
kullka001	698	Gardening Tools Set	Dynabox	L	mercearia		0 - Nacional	19868767	1{7	42.17	189	100	81x89x99 cm	40	95	false
kullka001	699	Customizable Name Puzzle	Browsecat	KG	bazar		2 - Estrangeira Adquirida no Mercado Interno	77138100	9{7				63x40x13 cm	73	89	true
kullka001	700	Portable Solar Phone Charger	Centidel	M	bazar		1 - Estrangeira Importação Direta	18721677	2{7	22.15		100	60x54x38 cm	52	63	true
kullka001	701	Rustic Wooden Picture Frame	Demivee	M	bazar		2 - Estrangeira Adquirida no Mercado Interno	92293	6{7	79.08		100	15x32x94 cm	88	29	false
kullka001	702	Smart Doorbell	Wordtune	CX	bazar		1 - Estrangeira Importação Direta	38436261	0{7	53.3	109		14x44x93 cm	80	94	false
kullka001	703	Breathable Face Mask Set	Feedmix	M	açougue		0 - Nacional	83383896	6{7	23.88			28x01x68 cm	18	5	false
kullka001	704	Pet Grooming Brush	Voonder	M	alcoólicos		1 - Estrangeira Importação Direta	8581646	9{7	50.38			73x82x56 cm	54	38	false
kullka001	705	Multi-Port USB Hub	Yambee	UN	açougue		1 - Estrangeira Importação Direta	7264423	7{7			100	59x08x74 cm	91	73	true
kullka001	706	Smartphone Tripod with Remote	Lajo	UN	mercearia		0 - Nacional	64809392	5{7	49.45	160		54x16x91 cm	53	31	false
kullka001	707	Ginger Turmeric Tea	Trunyx	L	Bebidas		2 - Estrangeira Adquirida no Mercado Interno	38562029	6{7	18.9	188	100	06x35x97 cm	72	43	true
kullka001	708	Lemon Pepper Seasoning	Jabberstorm	M	Bebidas		2 - Estrangeira Adquirida no Mercado Interno	27954561	8{7		155	100	48x43x22 cm	93	88	true
kullka001	709	Homestyle Chicken Noodle Soup	Yakijo	KG	hortifruti		1 - Estrangeira Importação Direta	82265986	8{7		148	100	41x58x85 cm	50	52	false
kullka001	710	Peanut Butter Filled Pretzels	Aivee	L	mercearia		2 - Estrangeira Adquirida no Mercado Interno	2336397	3{7	23.68		100	55x54x94 cm	78	97	true
kullka001	711	Solar String Lights	Thoughtbeat	KG	mercearia		1 - Estrangeira Importação Direta	99050462	8{7	20.02		100	29x48x21 cm	50	56	false
kullka001	712	Smartphone Photography Tripod	Chatterbridge	CX	açougue		0 - Nacional	93737137	3{7	57.24		100	56x31x29 cm	38	5	false
kullka001	713	Chocolate Chip Energy Balls	Devify	KG	alcoólicos		1 - Estrangeira Importação Direta	32907734	2{7		171		73x10x45 cm	39	73	true
kullka001	714	Travel Jewelry Case	Roodel	UN	bazar		0 - Nacional	93135398	1{7		153		09x94x67 cm	13	56	true
kullka001	715	Saffron Rice Mix	Topicstorm	KG	açougue		1 - Estrangeira Importação Direta	92850440	7{7	10.21	141	100	24x63x53 cm	99	44	true
kullka001	716	Fitness Resistance Bands Set	Thoughtworks	UN	açougue		0 - Nacional	26042682	6{7	11.55	176	100	83x40x22 cm	65	61	true
kullka001	717	Organic Vanilla Bean Ice Cream	Zoombox	L	Bebidas		0 - Nacional	42986076	2{7	68.44		100	65x51x26 cm	25	66	true
kullka001	718	Sesame Oil	Fiveclub	CX	açougue		0 - Nacional	5965557	0{7	66.52		100	19x92x27 cm	71	87	false
kullka001	719	LED Desk Lamp	Meeveo	UN	hortifruti		0 - Nacional	67789424	5{7			100	27x85x61 cm	43	8	true
kullka001	720	Organic Quinoa	Skimia	UN	bazar		0 - Nacional	81481925	7{7	76.43	177		05x56x84 cm	83	23	true
kullka001	721	Shoe Organizer	Fliptune	CX	bazar		0 - Nacional	39230505	6{7	98.56	117	100	46x75x66 cm	4	30	true
kullka001	722	Hibiscus Tea Bags	Zoomcast	UN	alcoólicos		0 - Nacional	48082063	6{7	42.96		100	18x93x48 cm	95	28	true
kullka001	723	Foldable Yoga Mat	Linktype	CX	alcoólicos		1 - Estrangeira Importação Direta	70125258	2{7	84.25	106		08x10x21 cm	28	20	true
kullka001	724	Over-The-Door Shoe Organizer	Wordify	L	Bebidas		1 - Estrangeira Importação Direta	63583705	2{7	55.14		100	10x23x07 cm	17	69	true
kullka001	725	Survival Gear Kit	Pixope	L	alcoólicos		2 - Estrangeira Adquirida no Mercado Interno	1949116	7{7	15.55	183	100	88x98x25 cm	8	42	true
kullka001	726	Folding Exercise Bike	Devcast	M	alcoólicos		2 - Estrangeira Adquirida no Mercado Interno	57864666	5{7		133		02x39x16 cm	98	80	false
kullka001	727	Pet Carrier Backpack	Trudoo	M	bazar		2 - Estrangeira Adquirida no Mercado Interno	90059160	3{7	83.67	137		05x70x50 cm	50	83	false
kullka001	728	Tortilla Chips	Buzzshare	KG	hortifruti		1 - Estrangeira Importação Direta	30239199	3{7	65.94	128		10x25x05 cm	100	3	true
kullka001	729	Stick Vacuums Cleaner	Realblab	UN	alcoólicos		0 - Nacional	86747911	9{7	41.87		100	47x30x04 cm	77	53	true
kullka001	730	Ice Cream Maker	Topiclounge	L	mercearia		0 - Nacional	2655017	5{7		167	100	95x85x65 cm	48	100	false
kullka001	731	Puffer Winter Coat	Ntags	KG	mercearia		1 - Estrangeira Importação Direta	52431936	4{7		198	100	80x13x23 cm	61	60	false
kullka001	732	Spicy Roasted Nuts	Mydo	KG	hortifruti		1 - Estrangeira Importação Direta	90579566	6{7	99.62	106	100	29x52x27 cm	90	55	false
kullka001	733	Portable Charger with Solar Panel	Dynava	UN	hortifruti		0 - Nacional	70116561	7{7	87.52	162	100	67x16x40 cm	61	45	false
kullka001	734	Sliced Bread	Thoughtbridge	M	alcoólicos		1 - Estrangeira Importação Direta	32142660	6{7	73.03		100	55x87x13 cm	26	46	true
kullka001	735	Portable Speaker Stand	Wordify	UN	Bebidas		1 - Estrangeira Importação Direta	27786919	4{7		200		64x12x40 cm	52	62	true
kullka001	736	Tomato Paste	Linklinks	L	mercearia		0 - Nacional	64828915	4{7			100	65x59x99 cm	56	41	false
kullka001	737	Electric Hot Pot	Feedmix	L	alcoólicos		0 - Nacional	84758739	4{7	38.2	103	100	81x43x82 cm	89	52	false
kullka001	738	Scented Candles	Topiclounge	UN	bazar		0 - Nacional	61325314	0{7	47.16	192	100	20x65x05 cm	55	66	true
kullka001	739	High-Low Hem Tee	Jaxspan	L	açougue		1 - Estrangeira Importação Direta	14007189	3{7				70x91x90 cm	5	84	true
kullka001	740	Self-Massaging Pillow	Pixonyx	UN	Bebidas		1 - Estrangeira Importação Direta	3230278	7{7	71.0	147	100	13x44x34 cm	63	88	true
kullka001	741	Infrared Thermometer	Gabtune	UN	açougue		2 - Estrangeira Adquirida no Mercado Interno	75622256	5{7		136		93x57x51 cm	67	65	true
kullka001	742	Fall-Themed Table Runner	Yata	CX	Bebidas		1 - Estrangeira Importação Direta	65013390	3{7	74.35	117		11x16x72 cm	78	83	false
kullka001	743	Classic Caesar Salad Kit	Zoovu	L	Bebidas		2 - Estrangeira Adquirida no Mercado Interno	10904820	1{7	37.47			33x31x49 cm	35	80	false
kullka001	744	Butternut Squash Ravioli	Thoughtworks	L	mercearia		1 - Estrangeira Importação Direta	14317793	4{7		126	100	43x21x53 cm	58	25	false
kullka001	745	Savory Quinoa Pudding	Twitterwire	M	açougue		1 - Estrangeira Importação Direta	76165337	5{7	18.02	170	100	57x25x07 cm	85	87	true
kullka001	746	Spicy Vegetable Sushi Rolls	Mycat	KG	hortifruti		1 - Estrangeira Importação Direta	69103394	4{7	53.69	111		34x17x86 cm	15	53	false
kullka001	747	Blackberry Jam	Yakitri	KG	Bebidas		2 - Estrangeira Adquirida no Mercado Interno	69008966	0{7				69x35x85 cm	57	75	true
kullka001	748	Pumpkin Pancake Mix	Voomm	UN	hortifruti		0 - Nacional	86409228	1{7	72.37	193		70x05x24 cm	4	92	false
kullka001	749	Chia Seed Pudding	Edgepulse	L	alcoólicos		0 - Nacional	88580754	3{7		154		11x06x01 cm	58	5	true
kullka001	750	Kettle Chip Variety Pack	Kanoodle	UN	bazar		1 - Estrangeira Importação Direta	33755886	6{7				01x52x14 cm	13	86	false
kullka001	751	Ginger Snaps	Browsetype	CX	Bebidas		0 - Nacional	69880626	5{7	82.65		100	98x04x30 cm	95	27	true
kullka001	752	Wireless Gaming Headset	Thoughtblab	M	açougue		1 - Estrangeira Importação Direta	64803997	2{7	87.94		100	51x86x61 cm	39	26	true
kullka001	753	Smart Water Bottle with Hydration Reminder	Browseblab	UN	Bebidas		1 - Estrangeira Importação Direta	54860714	7{7	77.02		100	09x51x03 cm	11	6	true
kullka001	754	Rice Noodles	Thoughtworks	L	mercearia		1 - Estrangeira Importação Direta	62571405	3{7			100	95x15x34 cm	53	20	true
kullka001	755	Scented Candle Set	Voolia	UN	açougue		0 - Nacional	36551488	4{7		103	100	83x46x88 cm	94	95	false
kullka001	756	Portable Air Purifier	Brainverse	CX	mercearia		1 - Estrangeira Importação Direta	29599506	5{7	12.94	108		04x29x72 cm	56	42	false
kullka001	757	Cauliflower Crust Pizza	Ntag	KG	bazar		0 - Nacional	11609047	8{7	98.02		100	92x63x84 cm	84	60	true
kullka001	758	Granola	Tagopia	L	alcoólicos		0 - Nacional	57050301	0{7	15.36	192	100	42x27x25 cm	34	51	false
kullka001	759	Wi-Fi Enabled Smart Light Switch	Roombo	M	açougue		0 - Nacional	72700004	5{7		129		33x66x62 cm	37	55	true
kullka001	760	Organic Vanilla Bean Ice Cream	Buzzshare	UN	mercearia		0 - Nacional	95768800	8{7		113	100	63x75x35 cm	94	53	false
kullka001	761	Veggie Burger Patties	Skimia	KG	hortifruti		1 - Estrangeira Importação Direta	9817540	9{7	88.48	148	100	15x93x42 cm	33	2	true
kullka001	762	Sketchbook	Shuffledrive	M	açougue		0 - Nacional	2709591	7{7	28.7	133	100	74x87x14 cm	9	87	true
kullka001	763	Smartphone Photography Ring Light	Gabtune	CX	açougue		1 - Estrangeira Importação Direta	83509835	4{7	74.49		100	86x72x44 cm	53	54	false
kullka001	764	Graphic Sweatshirt	Gigashots	UN	alcoólicos		0 - Nacional	89675789	7{7		179	100	38x35x27 cm	94	77	false
kullka001	765	Flavored Popcorn Mix	Ailane	L	açougue		1 - Estrangeira Importação Direta	21543210	6{7	19.99			16x82x25 cm	19	29	true
kullka001	766	Spinach Pizza Rolls	Thoughtbeat	L	Bebidas		0 - Nacional	99524118	5{7	78.21	177		64x57x55 cm	22	1	false
kullka001	767	LED Christmas Tree Lights	Jabberbean	UN	hortifruti		2 - Estrangeira Adquirida no Mercado Interno	57875534	6{7	31.33			24x21x41 cm	97	55	true
kullka001	768	Grapes (red)	Quinu	CX	alcoólicos		1 - Estrangeira Importação Direta	71573896	3{7	52.96		100	35x59x96 cm	63	66	false
kullka001	769	Pet Water Bottle	Thoughtbeat	KG	bazar		1 - Estrangeira Importação Direta	45761130	2{7		113		88x00x96 cm	42	18	true
kullka001	770	Chickpeas	Kwilith	UN	alcoólicos		1 - Estrangeira Importação Direta	58800669	6{7	70.54		100	39x73x10 cm	96	60	true
kullka001	771	Adjustable Dumbbells	Skimia	M	Bebidas		2 - Estrangeira Adquirida no Mercado Interno	16111846	1{7	35.57	113		70x42x63 cm	78	30	true
kullka001	772	Crispy Tofu Bites	Oyoyo	UN	bazar		2 - Estrangeira Adquirida no Mercado Interno	90634671	2{7	67.82			73x94x03 cm	69	38	false
kullka001	773	Adjustable Pet Grooming Table	Babblestorm	L	bazar		2 - Estrangeira Adquirida no Mercado Interno	4694395	1{7	87.68			73x04x19 cm	48	30	false
kullka001	774	Frozen Acai Bowl	Wikido	KG	açougue		1 - Estrangeira Importação Direta	66223456	8{7	89.04	151		61x15x99 cm	60	73	false
kullka001	775	Honey Almond Granola Bars	Jabberbean	M	Bebidas		1 - Estrangeira Importação Direta	51115174	1{7	76.2		100	03x09x50 cm	87	64	false
kullka001	776	Portable Hammock Swing	Tagcat	L	mercearia		2 - Estrangeira Adquirida no Mercado Interno	41756443	6{7				77x09x66 cm	51	77	false
kullka001	777	Throw Pillow Covers	Yakijo	UN	açougue		2 - Estrangeira Adquirida no Mercado Interno	84080633	6{7	14.83		100	66x40x05 cm	75	49	false
kullka001	778	Oats	Bluezoom	M	hortifruti		0 - Nacional	53625402	1{7	94.96		100	39x83x13 cm	73	33	false
kullka001	779	Spicy Thai Coconut Soup	Yoveo	CX	mercearia		1 - Estrangeira Importação Direta	72460323	3{7				42x26x53 cm	47	78	true
kullka001	780	Tuna Fish (canned)	Demimbu	L	alcoólicos		0 - Nacional	67055668	8{7	72.49	186	100	57x75x19 cm	93	31	true
kullka001	781	Chocolate Chip Energy Balls	Vimbo	L	Bebidas		2 - Estrangeira Adquirida no Mercado Interno	69875361	2{7	17.82	185	100	09x90x96 cm	48	75	false
kullka001	782	Mini Indoor Hydroponic Garden	Abata	L	bazar		0 - Nacional	38919138	4{7				96x11x67 cm	8	39	false
kullka001	783	Frozen Salmon Filets	Gigazoom	KG	alcoólicos		0 - Nacional	73979482	9{7		138	100	99x53x32 cm	15	3	true
kullka001	784	Smart Air Purifier	Gabtune	M	hortifruti		1 - Estrangeira Importação Direta	20942031	9{7		142		60x82x19 cm	4	76	false
kullka001	785	Digital Kitchen Timer	Browsedrive	KG	Bebidas		2 - Estrangeira Adquirida no Mercado Interno	6333432	9{7			100	04x96x05 cm	32	31	true
kullka001	786	Peach Halves (canned)	Skidoo	CX	Bebidas		1 - Estrangeira Importação Direta	34153610	3{7	99.69	128		00x96x60 cm	68	94	false
kullka001	787	Grass Fed Beef Patties	Kazu	M	bazar		2 - Estrangeira Adquirida no Mercado Interno	69781221	8{7		121	100	31x29x85 cm	56	13	true
kullka001	788	Non-Stick Baking Sheet	Quamba	KG	mercearia		1 - Estrangeira Importação Direta	98718421	6{7	23.2	176	100	97x79x96 cm	13	94	true
kullka001	789	Spicy Tuna Salad	Avamm	L	hortifruti		0 - Nacional	9453841	0{7	43.49		100	78x86x84 cm	98	34	false
kullka001	790	Stainless Steel Water Bottle	Katz	L	Bebidas		0 - Nacional	33054739	4{7	94.98	132	100	75x41x36 cm	80	96	true
kullka001	791	Sweet Corn	Gabspot	CX	mercearia		1 - Estrangeira Importação Direta	44289474	8{7		114		67x38x63 cm	94	78	false
kullka001	792	Camping Chair	Yakidoo	CX	hortifruti		0 - Nacional	74527670	1{7			100	35x97x42 cm	33	57	false
kullka001	793	Oatmeal Raisin Cookies	Twitterbridge	UN	alcoólicos		2 - Estrangeira Adquirida no Mercado Interno	63823692	0{7	45.14		100	53x94x17 cm	62	13	false
kullka001	794	Heat-Resistant Silicone Mat	Meevee	KG	mercearia		2 - Estrangeira Adquirida no Mercado Interno	46408150	9{7	81.92		100	33x42x85 cm	93	60	false
kullka001	795	Wall Decals for Kids	Quatz	KG	Bebidas		2 - Estrangeira Adquirida no Mercado Interno	66317807	0{7	32.88	122	100	23x83x34 cm	27	46	true
kullka001	796	Habanero Hot Sauce	Zoomzone	L	hortifruti		2 - Estrangeira Adquirida no Mercado Interno	21842544	4{7	38.92		100	73x45x75 cm	90	64	false
kullka001	797	Honey Mustard Dip	Trudoo	UN	alcoólicos		0 - Nacional	75243672	1{7			100	27x03x66 cm	81	16	true
kullka001	798	Backpacking Tent	Browsedrive	M	Bebidas		1 - Estrangeira Importação Direta	43707350	5{7	89.87	178	100	42x46x69 cm	67	12	false
kullka001	799	Coconut Curry Sauce	Jamia	L	hortifruti		0 - Nacional	36763136	7{7	10.95			92x42x71 cm	80	34	true
kullka001	800	Almond Butter	Tambee	UN	alcoólicos		2 - Estrangeira Adquirida no Mercado Interno	95064268	2{7	13.58	120	100	54x20x92 cm	19	25	false
kullka001	801	Cinnamon Rolls	Talane	CX	alcoólicos		2 - Estrangeira Adquirida no Mercado Interno	80006127	5{7		137	100	29x33x79 cm	54	24	false
kullka001	802	Adjustable Stand for Tablets and Smartphones	Skinte	L	Bebidas		2 - Estrangeira Adquirida no Mercado Interno	70571892	5{7			100	55x59x48 cm	36	6	true
kullka001	803	Ceramic Planter Set	Quimba	UN	alcoólicos		1 - Estrangeira Importação Direta	27864413	7{7	88.06	123	100	79x38x70 cm	33	4	false
kullka001	804	Smart Plug	Skyble	L	mercearia		0 - Nacional	48585878	7{7	38.72		100	41x86x47 cm	16	44	true
kullka001	805	Orange Ginger Vinaigrette	Realfire	L	Bebidas		2 - Estrangeira Adquirida no Mercado Interno	80153230	2{7			100	58x83x79 cm	80	86	true
kullka001	806	Ginger Turmeric Shots	Voomm	CX	açougue		1 - Estrangeira Importação Direta	11609039	3{7	18.14	127	100	70x28x81 cm	99	78	false
kullka001	807	Microfiber Cleaning Cloths	Zooveo	KG	Bebidas		0 - Nacional	67219779	6{7	58.42	163		01x17x04 cm	69	46	false
kullka001	808	Ginger Snaps	Demimbu	KG	bazar		2 - Estrangeira Adquirida no Mercado Interno	2413165	8{7		169		54x94x67 cm	53	77	false
kullka001	809	Non-Stick Crepe Pan	Skiptube	UN	açougue		0 - Nacional	57287287	1{7	76.8			54x79x02 cm	68	40	false
kullka001	810	Fashionable Belt Bag	Oyoba	UN	bazar		1 - Estrangeira Importação Direta	36946091	5{7	32.31	111		38x49x47 cm	52	2	false
kullka001	811	Pine Nuts	Voolia	UN	bazar		0 - Nacional	79105888	6{7	44.15		100	63x15x58 cm	8	88	true
kullka001	812	Blueberry Muffin Mix	Oyoloo	KG	açougue		1 - Estrangeira Importação Direta	81054678	5{7	56.25	179	100	70x18x92 cm	23	18	true
kullka001	813	Raspberry Vanilla Greek Yogurt	Oloo	L	alcoólicos		2 - Estrangeira Adquirida no Mercado Interno	45364845	8{7	55.58		100	62x81x26 cm	69	33	true
kullka001	814	Outdoor Camping Lantern	Feedmix	M	açougue		0 - Nacional	52792879	9{7	66.63			95x37x67 cm	77	4	true
kullka001	815	Insulated Lunch Box	Mycat	UN	bazar		1 - Estrangeira Importação Direta	32950311	3{7				06x27x77 cm	95	94	false
kullka001	816	Foldable Picnic Table	Mynte	UN	bazar		1 - Estrangeira Importação Direta	7276890	5{7	86.95	171		34x90x22 cm	68	64	false
kullka001	817	Self-Stirring Mug	Shufflester	UN	Bebidas		1 - Estrangeira Importação Direta	12094583	8{7			100	74x21x28 cm	31	8	true
kullka001	818	Electric Kettle with Temperature Control	Jayo	KG	mercearia		2 - Estrangeira Adquirida no Mercado Interno	40599132	7{7		148	100	84x07x85 cm	15	65	true
kullka001	819	Yoga Mat Carrier	Topicstorm	CX	alcoólicos		2 - Estrangeira Adquirida no Mercado Interno	25075726	4{7	63.91		100	41x04x81 cm	62	34	true
kullka001	820	Frozen Berry Blend	Wikivu	KG	açougue		2 - Estrangeira Adquirida no Mercado Interno	85509891	4{7	46.46	176		09x96x85 cm	28	50	false
kullka001	821	Portable Grill Cover	Vinte	KG	bazar		0 - Nacional	4712982	0{7	83.26	193	100	70x78x37 cm	32	64	true
kullka001	822	Oven Mitts	Kazio	KG	hortifruti		2 - Estrangeira Adquirida no Mercado Interno	55330986	5{7	51.76	123		45x92x67 cm	36	39	false
kullka001	823	Banana Chips	Topdrive	CX	açougue		0 - Nacional	19752756	3{7	63.34	165	100	58x69x69 cm	94	69	true
kullka001	824	Buffalo Cauliflower Bites	Thoughtmix	KG	mercearia		0 - Nacional	73676278	8{7			100	32x38x63 cm	12	40	true
kullka001	825	Smartphone Projector Kit	Twitternation	L	bazar		2 - Estrangeira Adquirida no Mercado Interno	67291617	4{7	27.35	101		31x07x02 cm	83	5	false
kullka001	826	Pumpkin Spice Pancake Mix	Twitterbeat	KG	hortifruti		2 - Estrangeira Adquirida no Mercado Interno	31981535	4{7	19.78	196	100	44x72x75 cm	26	55	false
kullka001	827	Comfort Flats	Pixoboo	M	hortifruti		2 - Estrangeira Adquirida no Mercado Interno	40682431	6{7		171	100	52x03x28 cm	72	59	false
kullka001	828	Coconut Curry Sauce	Eayo	UN	açougue		0 - Nacional	99791427	1{7	69.6	195	100	00x07x83 cm	76	79	false
kullka001	829	Stuffed Grape Leaves	Browsedrive	KG	bazar		2 - Estrangeira Adquirida no Mercado Interno	30901873	0{7	48.96			05x55x94 cm	21	89	true
kullka001	830	Scented Candles	Flashpoint	L	hortifruti		2 - Estrangeira Adquirida no Mercado Interno	61217059	2{7	29.55			84x09x13 cm	35	51	false
kullka001	831	Eco-Friendly Yoga Blocks	Fiveclub	UN	alcoólicos		2 - Estrangeira Adquirida no Mercado Interno	93510440	4{7	88.8	169	100	87x83x13 cm	79	37	true
kullka001	832	Tailored Blazer	Trupe	KG	alcoólicos		0 - Nacional	51765102	4{7	10.06	176	100	96x01x53 cm	34	33	false
kullka001	833	Children's Educational Workbook	Feedmix	UN	açougue		2 - Estrangeira Adquirida no Mercado Interno	56630257	4{7	76.42	187	100	75x50x66 cm	43	41	false
kullka001	834	Kids' Learning Tablet	Yodel	M	açougue		1 - Estrangeira Importação Direta	22486727	3{7		174	100	05x54x20 cm	67	63	true
kullka001	835	Portable Leaf Blower	Browsetype	KG	Bebidas		2 - Estrangeira Adquirida no Mercado Interno	4861218	4{7			100	89x19x77 cm	71	18	false
kullka001	836	Raspberry Vanilla Greek Yogurt	Jabberstorm	CX	açougue		0 - Nacional	1970233	7{7	10.52		100	92x25x79 cm	68	6	false
kullka001	837	Peas (frozen)	Digitube	UN	hortifruti		0 - Nacional	65876697	8{7	84.11	106		61x73x28 cm	72	68	true
kullka001	838	Portable Jump Starter	Jaloo	M	bazar		0 - Nacional	12726963	4{7	27.75	165		57x57x74 cm	19	6	false
kullka001	839	Spinach and Cheese Quiche	Chatterpoint	L	mercearia		0 - Nacional	45735492	3{7		194	100	06x81x42 cm	3	5	false
kullka001	840	Avocado Oil Mayo	Cogilith	UN	Bebidas		0 - Nacional	96811418	4{7	93.97		100	07x36x99 cm	5	4	true
kullka001	841	Garden Hose Reel	Npath	M	bazar		0 - Nacional	42973875	1{7	95.99			44x03x61 cm	27	63	false
kullka001	842	Multi-Purpose Scissors	Centimia	CX	mercearia		0 - Nacional	40510815	1{7		189		13x75x37 cm	57	50	true
kullka001	843	Mini Food Processor	Eabox	UN	mercearia		2 - Estrangeira Adquirida no Mercado Interno	61425562	6{7	69.94	102	100	46x58x28 cm	31	49	false
kullka001	844	Maxi Wrap Dress	Centidel	KG	mercearia		0 - Nacional	22017565	5{7	85.29	189		74x34x45 cm	3	91	false
kullka001	845	Cauliflower Rice Stir-Fry	Tazz	CX	Bebidas		0 - Nacional	95498853	5{7	79.18		100	27x05x15 cm	88	59	true
kullka001	846	Ski Goggles	Trudeo	KG	mercearia		0 - Nacional	91441998	6{7	11.89	182	100	11x38x91 cm	93	25	false
kullka001	847	Grilled Vegetable Medley	Rhybox	UN	alcoólicos		1 - Estrangeira Importação Direta	90243013	4{7	97.83	173	100	44x44x56 cm	81	53	false
kullka001	848	Herb Seasoned Couscous	Mita	L	Bebidas		1 - Estrangeira Importação Direta	58768620	3{7	53.79	142	100	77x40x54 cm	50	42	false
kullka001	849	Chocolate Chip Cookie Dough	Skinder	KG	mercearia		1 - Estrangeira Importação Direta	86210845	0{7		194	100	48x35x19 cm	39	52	false
kullka001	850	Nutty Quinoa Salad	Mita	M	Bebidas		1 - Estrangeira Importação Direta	65971008	2{7		129		58x86x92 cm	88	29	false
kullka001	851	Oven-Baked Potato Chips	Mydo	M	açougue		0 - Nacional	47859909	5{7	85.02		100	95x47x22 cm	54	53	false
kullka001	852	Avocado Oil	Wikibox	KG	Bebidas		1 - Estrangeira Importação Direta	32725765	5{7	58.38	101		63x04x16 cm	98	37	false
kullka001	853	Underwater Camera	Abata	M	hortifruti		2 - Estrangeira Adquirida no Mercado Interno	17839886	8{7	99.24	174	100	52x72x87 cm	36	44	false
kullka001	854	Sweet Corn Fritters	Ailane	KG	hortifruti		2 - Estrangeira Adquirida no Mercado Interno	95097674	4{7			100	00x72x46 cm	33	3	false
kullka001	855	Coconut Yogurt	Aivee	KG	açougue		0 - Nacional	91137888	1{7	28.92	138		56x45x43 cm	37	27	false
kullka001	856	Magnetic Phone Case	Centizu	CX	hortifruti		0 - Nacional	25240579	4{7		123		37x37x60 cm	6	65	true
kullka001	857	Multi-Functional Rice Cooker	Oyope	UN	alcoólicos		1 - Estrangeira Importação Direta	41550195	7{7	53.9	150		42x24x50 cm	42	17	true
kullka001	858	Portable Charger with Solar Panel	Quaxo	CX	Bebidas		0 - Nacional	96244920	6{7		183	100	95x08x48 cm	77	16	false
kullka001	859	Smart Wi-Fi Light Bulbs	Youfeed	UN	hortifruti		0 - Nacional	1019762	7{7	81.54	159	100	81x12x77 cm	43	14	false
kullka001	860	Beef Jerky	Skyndu	KG	alcoólicos		2 - Estrangeira Adquirida no Mercado Interno	70176106	2{7			100	63x10x68 cm	90	15	true
kullka001	861	Protein Powder	Skipfire	KG	Bebidas		2 - Estrangeira Adquirida no Mercado Interno	98639533	5{7	99.6	155	100	07x89x14 cm	15	14	true
kullka001	862	Car Escape Tool	Photobean	L	açougue		1 - Estrangeira Importação Direta	95423898	1{7	68.63			88x98x18 cm	99	48	true
kullka001	863	Travel Laundry Bag	Voolith	M	Bebidas		1 - Estrangeira Importação Direta	78194257	4{7	82.23		100	74x41x58 cm	61	85	true
kullka001	864	Soft Plush Throw Blanket	Gabspot	M	bazar		2 - Estrangeira Adquirida no Mercado Interno	59489780	5{7			100	30x74x34 cm	94	44	true
kullka001	865	Mint Chocolate Chip Ice Cream	Yodo	CX	mercearia		1 - Estrangeira Importação Direta	4608660	1{7	15.8		100	05x84x91 cm	7	87	false
kullka001	866	Fitness Resistance Bands	Katz	M	hortifruti		2 - Estrangeira Adquirida no Mercado Interno	18399576	3{7		103		40x96x14 cm	16	2	false
kullka001	867	Safety First Aid Kit	Feedspan	KG	bazar		0 - Nacional	47530645	0{7			100	13x02x93 cm	85	56	true
kullka001	868	Trainers with Mesh Inserts	Skippad	L	alcoólicos		1 - Estrangeira Importação Direta	31971560	8{7		192	100	01x09x16 cm	3	13	false
kullka001	869	Beef Tacos	Innojam	L	bazar		2 - Estrangeira Adquirida no Mercado Interno	56496481	1{7	78.78			94x48x07 cm	83	45	false
kullka001	870	Digital Wireless Meat Thermometer	Teklist	UN	alcoólicos		2 - Estrangeira Adquirida no Mercado Interno	30411357	2{7		126	100	69x36x77 cm	4	48	true
kullka001	871	Lightweight Rain Jacket	Mynte	M	mercearia		1 - Estrangeira Importação Direta	94387998	7{7	29.7			03x79x92 cm	8	65	false
kullka001	872	Tennis Racket	Centidel	UN	bazar		1 - Estrangeira Importação Direta	32491710	8{7				96x12x24 cm	67	96	true
kullka001	873	Cinnamon Roll Protein Bar	Linkbuzz	CX	bazar		2 - Estrangeira Adquirida no Mercado Interno	18877846	6{7	84.91		100	48x99x66 cm	95	46	false
kullka001	874	Chocolate Raspberry Tart	Yodoo	M	bazar		1 - Estrangeira Importação Direta	75710321	8{7	94.32			58x02x60 cm	19	20	false
kullka001	875	Pet Camera with Treat Dispenser	Latz	KG	hortifruti		2 - Estrangeira Adquirida no Mercado Interno	33077834	0{7		128	100	65x29x72 cm	44	67	false
kullka001	876	Home Karaoke System	Aimbu	L	bazar		2 - Estrangeira Adquirida no Mercado Interno	82074058	0{7			100	11x56x04 cm	91	81	false
kullka001	877	Voice-Controlled Speaker	Minyx	L	bazar		1 - Estrangeira Importação Direta	77969725	9{7	71.74		100	22x56x85 cm	6	86	false
kullka001	878	Biodegradable Trash Bags	Photobug	CX	açougue		0 - Nacional	57301999	5{7	90.99			82x48x89 cm	2	22	true
kullka001	879	Customizable Name Puzzle	Zooveo	M	mercearia		0 - Nacional	13332582	4{7	46.54			72x03x85 cm	46	68	false
kullka001	880	Roasted Garlic	Yata	M	hortifruti		0 - Nacional	49727394	4{7			100	35x48x93 cm	18	79	true
kullka001	881	Garlic Parmesan Wings	Dynabox	CX	Bebidas		1 - Estrangeira Importação Direta	57922091	8{7	50.29			29x84x52 cm	56	60	true
kullka001	882	Leather Notebook Cover	Viva	KG	bazar		0 - Nacional	36441358	0{7	94.43			73x09x35 cm	55	50	true
kullka001	883	Frozen Burritos	Topicstorm	UN	bazar		2 - Estrangeira Adquirida no Mercado Interno	15004420	9{7	55.31	181	100	19x24x36 cm	38	17	true
kullka001	884	Non-Stick Crepe Pan	Minyx	M	mercearia		1 - Estrangeira Importação Direta	69927562	8{7		102	100	39x10x77 cm	48	85	false
kullka001	885	Adjustable Window Blind	Fliptune	UN	hortifruti		0 - Nacional	22488101	8{7			100	46x25x71 cm	87	85	false
kullka001	886	Phone Screen Protector	Youspan	M	bazar		1 - Estrangeira Importação Direta	66968852	6{7	19.75	127	100	63x79x61 cm	46	53	false
kullka001	887	Turmeric Ginger Tea	Tazz	L	alcoólicos		0 - Nacional	50866441	4{7	18.53			01x07x45 cm	56	88	true
kullka001	888	Honey BBQ Riblets	Yata	KG	bazar		2 - Estrangeira Adquirida no Mercado Interno	2902312	9{7	72.2	166		16x88x87 cm	84	92	true
kullka001	889	Digital Food Thermometer	Camido	KG	açougue		0 - Nacional	78041783	3{7		104	100	30x33x94 cm	1	96	true
kullka001	890	Classic Vanilla Fudge	Ooba	L	mercearia		1 - Estrangeira Importação Direta	43634221	5{7	87.16	120	100	91x31x43 cm	21	5	true
kullka001	891	Spicy Italian Sausage	Skiptube	KG	bazar		2 - Estrangeira Adquirida no Mercado Interno	40869573	2{7		146		92x45x77 cm	85	44	true
kullka001	892	Whole Wheat Pita Bread	Eabox	L	Bebidas		0 - Nacional	5834146	2{7	32.32			17x22x28 cm	45	89	true
kullka001	893	Compact Refrigerator	Myworks	L	Bebidas		2 - Estrangeira Adquirida no Mercado Interno	83334251	3{7	85.85	170	100	14x25x54 cm	70	72	true
kullka001	894	Folding Table	Skibox	CX	bazar		2 - Estrangeira Adquirida no Mercado Interno	15266082	7{7				18x70x03 cm	81	34	true
kullka001	895	Vegetable Stir Fry Mix	Tazzy	KG	Bebidas		1 - Estrangeira Importação Direta	21277772	7{7			100	96x72x33 cm	79	76	true
kullka001	896	Soft Plush Throw Blanket	Aimbo	KG	hortifruti		2 - Estrangeira Adquirida no Mercado Interno	8994279	0{7			100	58x43x10 cm	8	56	false
kullka001	897	Magnetic Spice Containers	Quinu	L	hortifruti		1 - Estrangeira Importação Direta	83946258	7{7	49.26	116	100	27x37x63 cm	74	19	false
kullka001	898	Almond Milk	Eare	CX	alcoólicos		1 - Estrangeira Importação Direta	41961613	2{7	49.63	159	100	01x87x41 cm	38	84	true
kullka001	899	Collapsible Pet Dog Bowl	Babbleblab	CX	mercearia		0 - Nacional	28138308	6{7	60.55		100	01x27x74 cm	55	71	true
kullka001	900	Chicken Breasts	Realfire	L	mercearia		0 - Nacional	55094591	9{7			100	26x43x54 cm	24	63	true
kullka001	901	Maple Bacon Jerky	Fivespan	M	alcoólicos		2 - Estrangeira Adquirida no Mercado Interno	3298067	5{7	93.06	190	100	64x36x39 cm	44	87	false
kullka001	902	Pepper Jack Cheese Sticks	Thoughtmix	KG	mercearia		0 - Nacional	55393820	3{7				68x33x23 cm	58	20	true
kullka001	903	Rechargeable Hand Warmer	Pixope	CX	alcoólicos		2 - Estrangeira Adquirida no Mercado Interno	64918041	7{7	67.77	110		90x20x02 cm	36	69	true
kullka001	904	Silicone Baking Mat	Voolith	UN	mercearia		2 - Estrangeira Adquirida no Mercado Interno	86352776	1{7			100	67x95x67 cm	58	85	false
kullka001	905	Herb Garlic Butter	Divavu	UN	Bebidas		1 - Estrangeira Importação Direta	68160862	1{7	99.1			95x34x67 cm	54	27	false
kullka001	906	Mini Pretzels	Topdrive	KG	açougue		1 - Estrangeira Importação Direta	78890512	6{7	88.92	142	100	44x07x75 cm	60	31	false
kullka001	907	Smartphone Car Mount with Wireless Charging	Pixope	UN	hortifruti		0 - Nacional	33643416	7{7			100	49x63x12 cm	49	57	false
kullka001	908	Handcrafted Wooden Jewelry Box	Avaveo	KG	açougue		0 - Nacional	69243593	3{7	20.08	114		03x82x84 cm	41	67	false
kullka001	909	Desk Organizer Set	Gigaclub	CX	mercearia		2 - Estrangeira Adquirida no Mercado Interno	9800065	1{7	53.01		100	97x41x73 cm	49	77	false
kullka001	910	Sporty Leggings	Jetpulse	CX	alcoólicos		2 - Estrangeira Adquirida no Mercado Interno	58566567	4{7			100	85x44x91 cm	72	33	true
kullka001	911	Vegetable Medley	Browsetype	KG	açougue		1 - Estrangeira Importação Direta	31302492	8{7	34.18	108	100	09x09x27 cm	57	96	false
kullka001	912	Organic Black Beans	Zoomdog	UN	Bebidas		2 - Estrangeira Adquirida no Mercado Interno	81228119	1{7	60.11	169		73x19x33 cm	92	86	true
kullka001	913	Quinoa & Black Bean Salad	Linkbridge	L	mercearia		2 - Estrangeira Adquirida no Mercado Interno	49744109	2{7	44.06	162		80x23x23 cm	90	95	false
kullka001	914	Herbed Couscous	Skidoo	UN	açougue		1 - Estrangeira Importação Direta	9875904	6{7		167	100	92x74x14 cm	89	51	false
kullka001	915	Frozen Burritos	Skajo	CX	bazar		0 - Nacional	12230259	3{7		169	100	57x91x46 cm	41	8	true
kullka001	916	Travel Makeup Organizer	Skipstorm	L	açougue		0 - Nacional	35646760	8{7			100	96x46x50 cm	89	1	true
kullka001	917	Lentil Soup (canned)	Tavu	KG	Bebidas		0 - Nacional	92523606	0{7				74x36x15 cm	58	17	true
kullka001	918	Travel Makeup Organizer	Voomm	KG	Bebidas		0 - Nacional	74737650	7{7		123		12x24x20 cm	39	50	true
kullka001	919	Honey Mustard Dip	Tanoodle	KG	Bebidas		2 - Estrangeira Adquirida no Mercado Interno	18122904	5{7	57.97	128		72x41x35 cm	44	13	true
kullka001	920	USB Flash Drive	Livefish	UN	açougue		2 - Estrangeira Adquirida no Mercado Interno	77465430	3{7	79.95	190	100	55x16x91 cm	60	61	true
kullka001	921	Salsa Verde	Katz	M	Bebidas		2 - Estrangeira Adquirida no Mercado Interno	30235771	1{7	44.0		100	38x19x00 cm	54	67	true
kullka001	922	Nut Butter Cups	Innotype	UN	alcoólicos		0 - Nacional	21276717	9{7		160	100	62x70x64 cm	44	72	false
kullka001	923	Wireless HDMI Transmitter	Browsebug	L	açougue		0 - Nacional	40055421	0{7	58.36	112		33x75x38 cm	33	21	true
kullka001	924	Spicy Chicken Wings	Yadel	CX	Bebidas		2 - Estrangeira Adquirida no Mercado Interno	52045116	6{7			100	62x88x95 cm	73	53	true
kullka001	925	Thai Peanut Dressing	Jabbersphere	UN	mercearia		2 - Estrangeira Adquirida no Mercado Interno	18685417	0{7	71.46	108		29x69x50 cm	16	82	true
kullka001	926	Vegetarian Pizza	Skinte	M	mercearia		0 - Nacional	44366610	0{7		172	100	47x65x42 cm	15	14	true
kullka001	927	Electrolyte Water Bottle	Dabvine	M	Bebidas		0 - Nacional	74496423	4{7	76.66			24x95x29 cm	28	11	false
kullka001	928	Garden Vegetable Chips	Bluejam	L	bazar		1 - Estrangeira Importação Direta	81406277	3{7	74.73	162	100	85x00x27 cm	58	67	false
kullka001	929	Peanut Butter Cookies	Ntags	KG	bazar		2 - Estrangeira Adquirida no Mercado Interno	55324234	2{7	49.71			73x02x57 cm	22	33	false
kullka001	930	Gardening Gloves	Aibox	KG	bazar		0 - Nacional	14318317	5{7	33.64		100	56x13x51 cm	18	30	false
kullka001	931	Sturdy Bookends	Buzzster	CX	Bebidas		1 - Estrangeira Importação Direta	88932102	1{7	20.16	139	100	46x66x71 cm	87	43	false
kullka001	932	Peach Halves (canned)	Youtags	M	mercearia		0 - Nacional	44956787	8{7	41.94	125	100	76x58x44 cm	25	57	false
kullka001	933	Board Game Storage	Ooba	M	alcoólicos		1 - Estrangeira Importação Direta	25620449	9{7				18x92x51 cm	49	49	true
kullka001	934	Reusable Snack Bags	Thoughtmix	M	açougue		1 - Estrangeira Importação Direta	51310979	0{7		105	100	94x70x42 cm	40	70	false
kullka001	935	Organic Baby Spinach	Voonix	UN	açougue		1 - Estrangeira Importação Direta	82865145	4{7	30.53	148		14x32x54 cm	87	91	false
kullka001	936	Travel Eye Mask with Ear Plugs	Kwinu	UN	açougue		1 - Estrangeira Importação Direta	73314023	9{7				33x05x57 cm	52	85	true
kullka001	937	Smart Thermostat	Tazzy	UN	bazar		1 - Estrangeira Importação Direta	94611500	2{7	34.46	137		61x80x05 cm	29	32	false
kullka001	938	Homestyle Chicken Noodle Soup	Agivu	CX	açougue		1 - Estrangeira Importação Direta	97031992	0{7	23.83	129	100	28x42x40 cm	100	76	false
kullka001	939	Ski Goggles	Zoomlounge	UN	hortifruti		2 - Estrangeira Adquirida no Mercado Interno	30277220	0{7			100	70x53x46 cm	40	81	true
kullka001	940	Sliced Turkey Breast	Leenti	CX	hortifruti		0 - Nacional	97927618	7{7		131	100	06x39x87 cm	12	53	false
kullka001	941	Creamy Coleslaw Mix	Realblab	CX	hortifruti		2 - Estrangeira Adquirida no Mercado Interno	41119810	1{7	30.22	184		77x86x37 cm	39	78	true
kullka001	942	Fitness Jump Rope with LCD Counter	Vipe	UN	Bebidas		1 - Estrangeira Importação Direta	25421146	7{7			100	14x40x62 cm	36	99	false
kullka001	943	Rechargeable Electric Toothbrush	Ooba	UN	bazar		0 - Nacional	83328501	8{7	41.09	147	100	31x14x72 cm	8	35	false
kullka001	944	Eco-Friendly Notepad	Dabvine	UN	Bebidas		1 - Estrangeira Importação Direta	94668542	0{7	74.38	176		47x28x13 cm	33	32	true
kullka001	945	High-Pressure Handheld Shower Head	Photobug	CX	mercearia		2 - Estrangeira Adquirida no Mercado Interno	75285060	6{7	52.32	112	100	94x05x30 cm	7	65	true
kullka001	946	Canned Black Beans	Wikibox	CX	açougue		1 - Estrangeira Importação Direta	9008851	3{7	72.24	109	100	11x26x77 cm	90	45	false
kullka001	947	Stick Vacuums Cleaner	Edgeclub	UN	mercearia		2 - Estrangeira Adquirida no Mercado Interno	55889753	3{7				25x46x62 cm	85	2	true
kullka001	948	Ceramic Knife Set	Wordtune	KG	Bebidas		1 - Estrangeira Importação Direta	80944472	5{7	14.26	155	100	18x62x18 cm	31	74	false
kullka001	949	Beach Cover-Up	Fivebridge	UN	Bebidas		2 - Estrangeira Adquirida no Mercado Interno	435883	8{7	26.17		100	31x58x33 cm	16	74	false
kullka001	950	Organic Lentil Soup	Divavu	M	hortifruti		2 - Estrangeira Adquirida no Mercado Interno	77441251	7{7	12.3	149		16x63x50 cm	61	81	true
kullka001	951	Bike Repair Tool Kit	Skimia	UN	Bebidas		1 - Estrangeira Importação Direta	37730082	2{7		101		62x09x37 cm	41	18	true
kullka001	952	Portable Camping Shower	Voolith	CX	alcoólicos		1 - Estrangeira Importação Direta	34804355	2{7	13.28			53x41x74 cm	54	72	false
kullka001	953	Carrot and Celery Sticks	Geba	UN	açougue		1 - Estrangeira Importação Direta	47377553	1{7	80.09	106	100	76x03x60 cm	26	55	true
kullka001	954	Heavy-Duty Utility Tote	Photobug	KG	hortifruti		2 - Estrangeira Adquirida no Mercado Interno	67493624	2{7	53.62	158	100	23x74x19 cm	84	86	false
kullka001	955	Homestyle Chicken Noodle Soup	Dabfeed	L	hortifruti		0 - Nacional	74242617	7{7		167		52x33x72 cm	39	76	true
kullka001	956	Herb Seasoned Croutons	Jaxspan	CX	alcoólicos		2 - Estrangeira Adquirida no Mercado Interno	32979823	3{7	82.99	172	100	34x89x60 cm	15	4	true
kullka001	957	Rice Pilaf Mix	Skajo	UN	bazar		2 - Estrangeira Adquirida no Mercado Interno	40518299	6{7	89.5		100	59x13x82 cm	37	6	true
kullka001	958	Decorative Throw Pillows	Skipstorm	M	alcoólicos		1 - Estrangeira Importação Direta	21450459	2{7		179		02x41x58 cm	86	38	false
kullka001	959	Baby Safety Corner Guards	Oba	L	bazar		1 - Estrangeira Importação Direta	40544464	7{7		122	100	04x95x50 cm	37	82	false
kullka001	960	Carrot Sticks	Realcube	M	hortifruti		0 - Nacional	59176065	2{7		199		27x52x36 cm	50	36	false
kullka001	961	Two-Tier Fruit Basket	Tavu	KG	alcoólicos		1 - Estrangeira Importação Direta	27752686	2{7	68.72	162	100	03x04x38 cm	75	59	true
kullka001	962	Spicy Hummus	Jetwire	CX	mercearia		0 - Nacional	5112608	6{7		159	100	37x87x96 cm	30	73	true
kullka001	963	Homemade Salsa	Lazzy	KG	Bebidas		1 - Estrangeira Importação Direta	43878901	4{7		117	100	59x59x19 cm	74	100	false
kullka001	964	Digital Photo Frame	Shuffletag	M	alcoólicos		1 - Estrangeira Importação Direta	4099014	2{7		162		14x82x29 cm	35	49	false
kullka001	965	Almond Flour Tortillas	Youbridge	M	alcoólicos		2 - Estrangeira Adquirida no Mercado Interno	45870863	9{7	87.11	156	100	79x55x15 cm	98	83	false
kullka001	966	Streaming Device	Trudoo	KG	alcoólicos		2 - Estrangeira Adquirida no Mercado Interno	53182585	5{7			100	07x03x06 cm	47	37	true
kullka001	967	Organic Granola Cereal	Devpoint	UN	Bebidas		0 - Nacional	55901200	4{7	86.83		100	95x57x93 cm	6	88	false
kullka001	968	Zucchini	Einti	M	bazar		1 - Estrangeira Importação Direta	41753274	3{7	31.4	166	100	90x36x25 cm	94	33	true
kullka001	969	Pet Bed with Removable Cover	Dabtype	L	mercearia		2 - Estrangeira Adquirida no Mercado Interno	22882490	7{7	31.05	103		98x83x75 cm	46	50	false
kullka001	970	Spinach Pizza Rolls	Riffpath	M	Bebidas		2 - Estrangeira Adquirida no Mercado Interno	56401487	9{7	34.4		100	22x22x22 cm	31	61	true
kullka001	971	Set of Herb Garden Markers	Jabberstorm	KG	Bebidas		1 - Estrangeira Importação Direta	60791003	9{7		139	100	51x01x27 cm	18	13	true
kullka001	972	Organic Fruit Salad	Rhybox	L	Bebidas		1 - Estrangeira Importação Direta	49420708	9{7			100	72x13x89 cm	99	8	true
kullka001	973	Reusable Coffee Filter	Aimbo	CX	hortifruti		1 - Estrangeira Importação Direta	12317913	7{7		151		84x05x20 cm	85	71	true
kullka001	974	Watering Can with Nozzle	Twinte	CX	mercearia		1 - Estrangeira Importação Direta	35962446	6{7		119		21x82x16 cm	87	44	false
kullka001	975	Roasted Sweet Corn	Babbleblab	UN	Bebidas		0 - Nacional	55101544	9{7	74.9			14x27x41 cm	58	56	true
kullka001	976	Chicken Breasts	Centimia	CX	alcoólicos		1 - Estrangeira Importação Direta	52878469	6{7	30.49		100	76x58x76 cm	40	72	false
kullka001	977	Cauliflower Gnocchi	Yombu	UN	hortifruti		2 - Estrangeira Adquirida no Mercado Interno	71813827	1{7				93x49x25 cm	44	30	false
kullka001	978	Air Fryer	Meeveo	UN	hortifruti		1 - Estrangeira Importação Direta	31335018	8{7		153		13x24x78 cm	55	24	false
kullka001	979	Sesame Ginger Dressing	Eamia	CX	hortifruti		2 - Estrangeira Adquirida no Mercado Interno	42365041	0{7			100	68x83x35 cm	85	89	false
kullka001	980	Car Vacuum	Devpoint	KG	bazar		2 - Estrangeira Adquirida no Mercado Interno	65198732	1{7		188	100	59x68x37 cm	3	1	true
kullka001	981	Honey	Wikido	L	hortifruti		2 - Estrangeira Adquirida no Mercado Interno	11509083	0{7			100	61x33x12 cm	43	90	true
kullka001	982	Instant Camera	Thoughtworks	L	açougue		0 - Nacional	17888025	9{7	10.07	141	100	61x40x10 cm	4	55	false
kullka001	983	Sculpting Kit	Brainverse	KG	alcoólicos		1 - Estrangeira Importação Direta	36670172	3{7		120	100	98x24x37 cm	48	67	true
kullka001	984	Pumpkin Pie Spice	Gigashots	UN	alcoólicos		1 - Estrangeira Importação Direta	96830300	2{7	64.8			26x47x95 cm	36	97	false
kullka001	985	Cranberry Almond Biscotti	Linkbridge	M	hortifruti		1 - Estrangeira Importação Direta	1007881	6{7		124		41x20x70 cm	97	56	true
kullka001	986	Ankle Boots	Bluejam	L	Bebidas		1 - Estrangeira Importação Direta	48974388	6{7	76.45	108		21x13x47 cm	1	90	false
kullka001	987	Warm Wool Sweater	Photolist	KG	alcoólicos		1 - Estrangeira Importação Direta	37184450	6{7	24.67	111	100	11x01x13 cm	75	20	true
kullka001	988	Peach Salsa	Brainbox	KG	Bebidas		0 - Nacional	43561067	4{7	74.05			69x92x94 cm	65	51	true
kullka001	989	Vegetable Potstickers	Dabjam	KG	hortifruti		2 - Estrangeira Adquirida no Mercado Interno	99994613	9{7	61.55	189		42x21x03 cm	68	24	true
kullka001	990	Hot Dog Buns	Youopia	CX	hortifruti		2 - Estrangeira Adquirida no Mercado Interno	58550956	4{7		172	100	63x26x18 cm	28	20	false
kullka001	991	Trackpad for Laptop	Realcube	UN	Bebidas		1 - Estrangeira Importação Direta	61808571	5{7	58.22	192	100	29x14x29 cm	69	9	true
kullka001	992	Pet First Aid Kit	Tavu	UN	bazar		1 - Estrangeira Importação Direta	11554180	8{7	33.84			59x05x22 cm	84	79	false
kullka001	993	Sooji (Semolina)	Photobean	CX	alcoólicos		2 - Estrangeira Adquirida no Mercado Interno	6842110	1{7		179		21x39x04 cm	27	48	true
kullka001	994	Water Bottle	Youopia	L	hortifruti		1 - Estrangeira Importação Direta	10741604	7{7		128	100	31x24x94 cm	98	64	true
kullka001	995	Pine Nuts	Eazzy	KG	bazar		0 - Nacional	73262849	5{7				97x72x94 cm	95	11	true
kullka001	996	Almond Joy Munch Bars	Teklist	L	hortifruti		1 - Estrangeira Importação Direta	29838958	3{7				94x19x79 cm	9	36	true
kullka001	997	Portable Air Purifier	Buzzster	KG	bazar		0 - Nacional	23496281	4{7	77.21	194	100	92x23x94 cm	97	50	false
kullka001	998	Chocolate Chip Energy Balls	Kanoodle	L	alcoólicos		2 - Estrangeira Adquirida no Mercado Interno	98661553	5{7		103		74x83x25 cm	26	32	true
kullka001	999	Pleated Midi Dress	Oloo	M	hortifruti		1 - Estrangeira Importação Direta	2983839	6{7		166	100	05x10x31 cm	98	99	true
kullka001	1000	Pistachios	Wikibox	M	hortifruti		2 - Estrangeira Adquirida no Mercado Interno	56002002	1{7	87.44		100	23x63x70 cm	93	28	true
